ID;Date octroi;Nom;Prénom;Principal FC;Taux;Durée;Intérêt FC;Total FC;Remboursé FC;Solde FC;Échéance;Statut
410;2025-07-01;Mukendi0;Jean0;129347.0;10.0%;15 mois;16168.0;145515.0;34922.0;110593.0;2027-06-01;actif
233;2025-07-01;Mukendi1;Jean1;563200.0;10.0%;11 mois;51626.0;614826.0;292316.0;322510.0;2026-01-15;en_retard
447;2025-07-01;Mukendi1;Jean1;65149.0;10.0%;8 mois;4343.0;69492.0;5841.0;63651.0;2027-06-01;actif
1;2025-07-01;Mukendi2;Jean2;420372.0;10.0%;16 mois;56049.0;476421.0;130966.0;345455.0;2026-01-15;en_retard
72;2025-07-01;Mukendi2;Jean2;138066.0;10.0%;18 mois;20709.0;158775.0;78146.0;80629.0;2026-01-15;en_retard
166;2025-07-01;Mukendi2;Jean2;189665.0;10.0%;15 mois;23708.0;213373.0;86556.0;126817.0;2026-01-15;en_retard
61;2025-07-01;Mukendi3;Jean3;305771.0;10.0%;10 mois;25480.0;331251.0;100872.0;230379.0;2026-01-15;en_retard
390;2025-07-01;Mukendi3;Jean3;912451.0;10.0%;6 mois;45622.0;958073.0;275389.0;682684.0;2027-06-01;actif
482;2025-07-01;Mukendi3;Jean3;1580958.0;10.0%;16 mois;210794.0;1791752.0;771939.0;1019813.0;2027-06-01;actif
163;2025-07-01;Mukendi4;Jean4;839801.0;10.0%;4 mois;27993.0;867794.0;133932.0;733862.0;2026-01-15;en_retard
168;2025-07-01;Mukendi4;Jean4;663407.0;10.0%;15 mois;82925.0;746332.0;121198.0;625134.0;2026-01-15;en_retard
344;2025-07-01;Mukendi4;Jean4;351981.0;10.0%;18 mois;52797.0;404778.0;172471.0;232307.0;2027-06-01;actif
426;2025-07-01;Mukendi4;Jean4;127684.0;10.0%;13 mois;13832.0;141516.0;7347.0;134169.0;2027-06-01;actif
431;2025-07-01;Mukendi4;Jean4;1038219.0;10.0%;4 mois;34607.0;1072826.0;254471.0;818355.0;2027-06-01;actif
8;2025-07-01;Mukendi5;Jean5;913525.0;10.0%;6 mois;45676.0;959201.0;184072.0;775129.0;2026-01-15;en_retard
122;2025-07-01;Mukendi5;Jean5;1668001.0;10.0%;11 mois;152900.0;1820901.0;580557.0;1240344.0;2026-01-15;en_retard
172;2025-07-01;Mukendi5;Jean5;133366.0;10.0%;10 mois;11113.0;144479.0;69391.0;75088.0;2026-01-15;en_retard
152;2025-07-01;Mukendi6;Jean6;1664138.0;10.0%;12 mois;166413.0;1830551.0;177477.0;1653074.0;2026-01-15;en_retard
254;2025-07-01;Mukendi6;Jean6;1024935.0;10.0%;6 mois;51246.0;1076181.0;217402.0;858779.0;2026-01-15;en_retard
365;2025-07-01;Mukendi6;Jean6;651496.0;10.0%;18 mois;97724.0;749220.0;43259.0;705961.0;2027-06-01;actif
423;2025-07-01;Mukendi6;Jean6;1559402.0;10.0%;10 mois;129950.0;1689352.0;512997.0;1176355.0;2027-06-01;actif
189;2025-07-01;Mukendi7;Jean7;1655233.0;10.0%;13 mois;179316.0;1834549.0;434152.0;1400397.0;2026-01-15;en_retard
464;2025-07-01;Mukendi7;Jean7;1067247.0;10.0%;6 mois;53362.0;1120609.0;74301.0;1046308.0;2027-06-01;actif
29;2025-07-01;Mukendi8;Jean8;1441563.0;10.0%;14 mois;168182.0;1609745.0;340998.0;1268747.0;2026-01-15;en_retard
57;2025-07-01;Mukendi8;Jean8;742581.0;10.0%;5 mois;30940.0;773521.0;76592.0;696929.0;2026-01-15;en_retard
96;2025-07-01;Mukendi8;Jean8;1247499.0;10.0%;15 mois;155937.0;1403436.0;689880.0;713556.0;2026-01-15;en_retard
119;2025-07-01;Mukendi8;Jean8;646602.0;10.0%;3 mois;16165.0;662767.0;271376.0;391391.0;2026-01-15;en_retard
274;2025-07-01;Mukendi8;Jean8;619371.0;10.0%;16 mois;82582.0;701953.0;45507.0;656446.0;2026-01-15;en_retard
372;2025-07-01;Mukendi8;Jean8;769004.0;10.0%;5 mois;32041.0;801045.0;76058.0;724987.0;2027-06-01;actif
475;2025-07-01;Mukendi8;Jean8;1501670.0;10.0%;4 mois;50055.0;1551725.0;294234.0;1257491.0;2027-06-01;actif
497;2025-07-01;Mukendi8;Jean8;671994.0;10.0%;16 mois;89599.0;761593.0;141447.0;620146.0;2027-06-01;actif
124;2025-07-01;Mukendi9;Jean9;1015465.0;10.0%;14 mois;118470.0;1133935.0;163690.0;970245.0;2026-01-15;en_retard
430;2025-07-01;Mukendi9;Jean9;1592370.0;10.0%;7 mois;92888.0;1685258.0;512643.0;1172615.0;2027-06-01;actif
136;2025-07-01;Mukendi10;Jean10;719655.0;10.0%;7 mois;41979.0;761634.0;171353.0;590281.0;2026-01-15;en_retard
460;2025-07-01;Mukendi11;Jean11;163304.0;10.0%;14 mois;19052.0;182356.0;37363.0;144993.0;2027-06-01;actif
138;2025-07-01;Mukendi12;Jean12;1462715.0;10.0%;15 mois;182839.0;1645554.0;467262.0;1178292.0;2026-01-15;en_retard
300;2025-07-01;Mukendi12;Jean12;272144.0;10.0%;15 mois;34018.0;306162.0;14103.0;292059.0;2026-01-15;en_retard
433;2025-07-01;Mukendi12;Jean12;1947214.0;10.0%;12 mois;194721.0;2141935.0;204036.0;1937899.0;2027-06-01;actif
226;2025-07-01;Mukendi13;Jean13;929926.0;10.0%;12 mois;92992.0;1022918.0;162276.0;860642.0;2026-01-15;en_retard
335;2025-07-01;Mukendi13;Jean13;51768.0;10.0%;14 mois;6039.0;57807.0;3594.0;54213.0;2027-06-01;actif
359;2025-07-01;Mukendi13;Jean13;1944955.0;10.0%;13 mois;210703.0;2155658.0;22614.0;2133044.0;2027-06-01;actif
58;2025-07-01;Mukendi14;Jean14;608898.0;10.0%;15 mois;76112.0;685010.0;37426.0;647584.0;2026-01-15;en_retard
132;2025-07-01;Mukendi14;Jean14;1983304.0;10.0%;13 mois;214857.0;2198161.0;729662.0;1468499.0;2026-01-15;en_retard
235;2025-07-01;Mukendi14;Jean14;1420020.0;10.0%;14 mois;165669.0;1585689.0;38504.0;1547185.0;2026-01-15;en_retard
75;2025-07-01;Mukendi15;Jean15;175357.0;10.0%;14 mois;20458.0;195815.0;84485.0;111330.0;2026-01-15;en_retard
363;2025-07-01;Mukendi15;Jean15;1369737.0;10.0%;18 mois;205460.0;1575197.0;606224.0;968973.0;2027-06-01;actif
401;2025-07-01;Mukendi15;Jean15;852787.0;10.0%;15 mois;106598.0;959385.0;174406.0;784979.0;2027-06-01;actif
402;2025-07-01;Mukendi15;Jean15;591565.0;10.0%;11 mois;54226.0;645791.0;93286.0;552505.0;2027-06-01;actif
89;2025-07-01;Mukendi16;Jean16;1430532.0;10.0%;15 mois;178816.0;1609348.0;199092.0;1410256.0;2026-01-15;en_retard
435;2025-07-01;Mukendi16;Jean16;1765051.0;10.0%;6 mois;88252.0;1853303.0;119726.0;1733577.0;2027-06-01;actif
187;2025-07-01;Mukendi17;Jean17;1218827.0;10.0%;6 mois;60941.0;1279768.0;193079.0;1086689.0;2026-01-15;en_retard
243;2025-07-01;Mukendi17;Jean17;1640568.0;10.0%;16 mois;218742.0;1859310.0;884274.0;975036.0;2026-01-15;en_retard
258;2025-07-01;Mukendi17;Jean17;695445.0;10.0%;12 mois;69544.0;764989.0;265651.0;499338.0;2026-01-15;en_retard
496;2025-07-01;Mukendi18;Jean18;857150.0;10.0%;13 mois;92857.0;950007.0;278355.0;671652.0;2027-06-01;actif
398;2025-07-01;Mukendi19;Jean19;1389619.0;10.0%;17 mois;196862.0;1586481.0;289809.0;1296672.0;2027-06-01;actif
14;2025-07-01;Mukendi20;Jean20;389737.0;10.0%;13 mois;42221.0;431958.0;59825.0;372133.0;2026-01-15;en_retard
21;2025-07-01;Mukendi20;Jean20;491600.0;10.0%;8 mois;32773.0;524373.0;208166.0;316207.0;2026-01-15;en_retard
195;2025-07-01;Mukendi20;Jean20;1493136.0;10.0%;18 mois;223970.0;1717106.0;140600.0;1576506.0;2026-01-15;en_retard
156;2025-07-01;Mukendi21;Jean21;285660.0;10.0%;4 mois;9522.0;295182.0;63713.0;231469.0;2026-01-15;en_retard
238;2025-07-01;Mukendi22;Jean22;152826.0;10.0%;6 mois;7641.0;160467.0;54651.0;105816.0;2026-01-15;en_retard
301;2025-07-01;Mukendi22;Jean22;944363.0;10.0%;15 mois;118045.0;1062408.0;187677.0;874731.0;2027-06-01;actif
453;2025-07-01;Mukendi22;Jean22;1365316.0;10.0%;12 mois;136531.0;1501847.0;364750.0;1137097.0;2027-06-01;actif
54;2025-07-01;Mukendi23;Jean23;366006.0;10.0%;3 mois;9150.0;375156.0;129388.0;245768.0;2026-01-15;en_retard
127;2025-07-01;Mukendi23;Jean23;1246398.0;10.0%;15 mois;155799.0;1402197.0;596707.0;805490.0;2026-01-15;en_retard
394;2025-07-01;Mukendi23;Jean23;169290.0;10.0%;9 mois;12696.0;181986.0;78562.0;103424.0;2027-06-01;actif
417;2025-07-01;Mukendi23;Jean23;816205.0;10.0%;13 mois;88422.0;904627.0;42182.0;862445.0;2027-06-01;actif
6;2025-07-01;Mukendi24;Jean24;993413.0;10.0%;13 mois;107619.0;1101032.0;272387.0;828645.0;2026-01-15;en_retard
93;2025-07-01;Mukendi24;Jean24;1147231.0;10.0%;5 mois;47801.0;1195032.0;45903.0;1149129.0;2026-01-15;en_retard
105;2025-07-01;Mukendi24;Jean24;262284.0;10.0%;10 mois;21857.0;284141.0;139371.0;144770.0;2026-01-15;en_retard
4;2025-07-01;Mukendi25;Jean25;1498174.0;10.0%;8 mois;99878.0;1598052.0;62952.0;1535100.0;2026-01-15;en_retard
386;2025-07-01;Mukendi25;Jean25;585495.0;10.0%;15 mois;73186.0;658681.0;241753.0;416928.0;2027-06-01;actif
445;2025-07-01;Mukendi25;Jean25;1708956.0;10.0%;15 mois;213619.0;1922575.0;815437.0;1107138.0;2027-06-01;actif
22;2025-07-01;Mukendi26;Jean26;250390.0;10.0%;5 mois;10432.0;260822.0;122787.0;138035.0;2026-01-15;en_retard
52;2025-07-01;Mukendi26;Jean26;641637.0;10.0%;11 mois;58816.0;700453.0;65556.0;634897.0;2026-01-15;en_retard
391;2025-07-01;Mukendi26;Jean26;1487596.0;10.0%;17 mois;210742.0;1698338.0;368591.0;1329747.0;2027-06-01;actif
407;2025-07-01;Mukendi26;Jean26;123108.0;10.0%;5 mois;5129.0;128237.0;4614.0;123623.0;2027-06-01;actif
95;2025-07-01;Mukendi27;Jean27;1067895.0;10.0%;9 mois;80092.0;1147987.0;103550.0;1044437.0;2026-01-15;en_retard
207;2025-07-01;Mukendi27;Jean27;997093.0;10.0%;17 mois;141254.0;1138347.0;44476.0;1093871.0;2026-01-15;en_retard
314;2025-07-01;Mukendi27;Jean27;733398.0;10.0%;5 mois;30558.0;763956.0;158396.0;605560.0;2027-06-01;actif
324;2025-07-01;Mukendi27;Jean27;1487615.0;10.0%;15 mois;185951.0;1673566.0;343312.0;1330254.0;2027-06-01;actif
406;2025-07-01;Mukendi27;Jean27;1963880.0;10.0%;17 mois;278216.0;2242096.0;543154.0;1698942.0;2027-06-01;actif
311;2025-07-01;Mukendi28;Jean28;787024.0;10.0%;18 mois;118053.0;905077.0;241823.0;663254.0;2027-06-01;actif
458;2025-07-01;Mukendi28;Jean28;1720618.0;10.0%;7 mois;100369.0;1820987.0;718530.0;1102457.0;2027-06-01;actif
292;2025-07-01;Mukendi30;Jean30;621797.0;10.0%;7 mois;36271.0;658068.0;82573.0;575495.0;2026-01-15;en_retard
428;2025-07-01;Mukendi30;Jean30;493921.0;10.0%;17 mois;69972.0;563893.0;281312.0;282581.0;2027-06-01;actif
455;2025-07-01;Mukendi30;Jean30;1161907.0;10.0%;6 mois;58095.0;1220002.0;379481.0;840521.0;2027-06-01;actif
219;2025-07-01;Mukendi31;Jean31;241241.0;10.0%;6 mois;12062.0;253303.0;92566.0;160737.0;2026-01-15;en_retard
395;2025-07-01;Mukendi31;Jean31;1534941.0;10.0%;6 mois;76747.0;1611688.0;90582.0;1521106.0;2027-06-01;actif
343;2025-07-01;Mukendi32;Jean32;331600.0;10.0%;3 mois;8290.0;339890.0;18807.0;321083.0;2027-06-01;actif
366;2025-07-01;Mukendi32;Jean32;1110311.0;10.0%;5 mois;46262.0;1156573.0;291345.0;865228.0;2027-06-01;actif
94;2025-07-01;Mukendi33;Jean33;424632.0;10.0%;4 mois;14154.0;438786.0;52973.0;385813.0;2026-01-15;en_retard
141;2025-07-01;Mukendi33;Jean33;754995.0;10.0%;5 mois;31458.0;786453.0;249484.0;536969.0;2026-01-15;en_retard
192;2025-07-01;Mukendi33;Jean33;437441.0;10.0%;3 mois;10936.0;448377.0;199871.0;248506.0;2026-01-15;en_retard
228;2025-07-01;Mukendi33;Jean33;475410.0;10.0%;3 mois;11885.0;487295.0;163200.0;324095.0;2026-01-15;en_retard
284;2025-07-01;Mukendi33;Jean33;480308.0;10.0%;4 mois;16010.0;496318.0;120420.0;375898.0;2026-01-15;en_retard
299;2025-07-01;Mukendi33;Jean33;110802.0;10.0%;18 mois;16620.0;127422.0;59198.0;68224.0;2026-01-15;en_retard
305;2025-07-01;Mukendi33;Jean33;244859.0;10.0%;17 mois;34688.0;279547.0;25496.0;254051.0;2027-06-01;actif
396;2025-07-01;Mukendi33;Jean33;838441.0;10.0%;8 mois;55896.0;894337.0;58114.0;836223.0;2027-06-01;actif
432;2025-07-01;Mukendi33;Jean33;80126.0;10.0%;8 mois;5341.0;85467.0;41462.0;44005.0;2027-06-01;actif
2;2025-07-01;Mukendi34;Jean34;1923323.0;10.0%;13 mois;208359.0;2131682.0;1020516.0;1111166.0;2026-01-15;en_retard
31;2025-07-01;Mukendi34;Jean34;1513021.0;10.0%;8 mois;100868.0;1613889.0;619531.0;994358.0;2026-01-15;en_retard
48;2025-07-01;Mukendi34;Jean34;657325.0;10.0%;6 mois;32866.0;690191.0;333915.0;356276.0;2026-01-15;en_retard
80;2025-07-01;Mukendi34;Jean34;575748.0;10.0%;4 mois;19191.0;594939.0;254438.0;340501.0;2026-01-15;en_retard
120;2025-07-01;Mukendi34;Jean34;1917145.0;10.0%;12 mois;191714.0;2108859.0;13775.0;2095084.0;2026-01-15;en_retard
145;2025-07-01;Mukendi34;Jean34;1058567.0;10.0%;9 mois;79392.0;1137959.0;511559.0;626400.0;2026-01-15;en_retard
215;2025-07-01;Mukendi34;Jean34;874320.0;10.0%;16 mois;116576.0;990896.0;169586.0;821310.0;2026-01-15;en_retard
245;2025-07-01;Mukendi34;Jean34;305901.0;10.0%;11 mois;28040.0;333941.0;86300.0;247641.0;2026-01-15;en_retard
264;2025-07-01;Mukendi34;Jean34;1059769.0;10.0%;7 mois;61819.0;1121588.0;482992.0;638596.0;2026-01-15;en_retard
473;2025-07-01;Mukendi34;Jean34;1009950.0;10.0%;9 mois;75746.0;1085696.0;376009.0;709687.0;2027-06-01;actif
476;2025-07-01;Mukendi34;Jean34;283013.0;10.0%;17 mois;40093.0;323106.0;120213.0;202893.0;2027-06-01;actif
125;2025-07-01;Mukendi35;Jean35;605720.0;10.0%;14 mois;70667.0;676387.0;305217.0;371170.0;2026-01-15;en_retard
184;2025-07-01;Mukendi35;Jean35;1268509.0;10.0%;9 mois;95138.0;1363647.0;144818.0;1218829.0;2026-01-15;en_retard
213;2025-07-01;Mukendi36;Jean36;1022195.0;10.0%;17 mois;144810.0;1167005.0;94834.0;1072171.0;2026-01-15;en_retard
296;2025-07-01;Mukendi36;Jean36;1527136.0;10.0%;12 mois;152713.0;1679849.0;601969.0;1077880.0;2026-01-15;en_retard
405;2025-07-01;Mukendi36;Jean36;1183787.0;10.0%;16 mois;157838.0;1341625.0;228994.0;1112631.0;2027-06-01;actif
154;2025-07-01;Mukendi37;Jean37;973718.0;10.0%;4 mois;32457.0;1006175.0;484553.0;521622.0;2026-01-15;en_retard
157;2025-07-01;Mukendi37;Jean37;1871905.0;10.0%;12 mois;187190.0;2059095.0;14400.0;2044695.0;2026-01-15;en_retard
186;2025-07-01;Mukendi37;Jean37;1426217.0;10.0%;8 mois;95081.0;1521298.0;332918.0;1188380.0;2026-01-15;en_retard
236;2025-07-01;Mukendi37;Jean37;1840609.0;10.0%;4 mois;61353.0;1901962.0;699396.0;1202566.0;2026-01-15;en_retard
328;2025-07-01;Mukendi37;Jean37;1435968.0;10.0%;7 mois;83764.0;1519732.0;474978.0;1044754.0;2027-06-01;actif
51;2025-07-01;Mukendi38;Jean38;154085.0;10.0%;3 mois;3852.0;157937.0;24371.0;133566.0;2026-01-15;en_retard
270;2025-07-01;Mukendi38;Jean38;638167.0;10.0%;3 mois;15954.0;654121.0;177813.0;476308.0;2026-01-15;en_retard
411;2025-07-01;Mukendi38;Jean38;1518122.0;10.0%;13 mois;164463.0;1682585.0;410339.0;1272246.0;2027-06-01;actif
429;2025-07-01;Mukendi38;Jean38;1604097.0;10.0%;10 mois;133674.0;1737771.0;75532.0;1662239.0;2027-06-01;actif
36;2025-07-01;Mukendi39;Jean39;686638.0;10.0%;3 mois;17165.0;703803.0;48.0;703755.0;2026-01-15;en_retard
73;2025-07-01;Mukendi39;Jean39;828879.0;10.0%;5 mois;34536.0;863415.0;130402.0;733013.0;2026-01-15;en_retard
76;2025-07-01;Mukendi39;Jean39;1520791.0;10.0%;6 mois;76039.0;1596830.0;131939.0;1464891.0;2026-01-15;en_retard
85;2025-07-01;Mukendi39;Jean39;992426.0;10.0%;12 mois;99242.0;1091668.0;276141.0;815527.0;2026-01-15;en_retard
281;2025-07-01;Mukendi39;Jean39;448902.0;10.0%;13 mois;48631.0;497533.0;242125.0;255408.0;2026-01-15;en_retard
373;2025-07-01;Mukendi39;Jean39;1806604.0;10.0%;18 mois;270990.0;2077594.0;789327.0;1288267.0;2027-06-01;actif
74;2025-07-01;Mukendi40;Jean40;1098406.0;10.0%;5 mois;45766.0;1144172.0;354861.0;789311.0;2026-01-15;en_retard
174;2025-07-01;Mukendi40;Jean40;88529.0;10.0%;14 mois;10328.0;98857.0;44847.0;54010.0;2026-01-15;en_retard
317;2025-07-01;Mukendi40;Jean40;1061612.0;10.0%;15 mois;132701.0;1194313.0;69268.0;1125045.0;2027-06-01;actif
446;2025-07-01;Mukendi40;Jean40;82779.0;10.0%;18 mois;12416.0;95195.0;5290.0;89905.0;2027-06-01;actif
43;2025-07-01;Mukendi41;Jean41;1549333.0;10.0%;15 mois;193666.0;1742999.0;868668.0;874331.0;2026-01-15;en_retard
225;2025-07-01;Mukendi41;Jean41;1872044.0;10.0%;7 mois;109202.0;1981246.0;187555.0;1793691.0;2026-01-15;en_retard
400;2025-07-01;Mukendi41;Jean41;1687312.0;10.0%;5 mois;70304.0;1757616.0;290756.0;1466860.0;2027-06-01;actif
362;2025-07-01;Mukendi42;Jean42;124084.0;10.0%;12 mois;12408.0;136492.0;34136.0;102356.0;2027-06-01;actif
378;2025-07-01;Mukendi42;Jean42;1023109.0;10.0%;15 mois;127888.0;1150997.0;499365.0;651632.0;2027-06-01;actif
164;2025-07-01;Mukendi43;Jean43;176059.0;10.0%;12 mois;17605.0;193664.0;26305.0;167359.0;2026-01-15;en_retard
224;2025-07-01;Mukendi43;Jean43;1963132.0;10.0%;13 mois;212672.0;2175804.0;314760.0;1861044.0;2026-01-15;en_retard
312;2025-07-01;Mukendi43;Jean43;641936.0;10.0%;14 mois;74892.0;716828.0;316900.0;399928.0;2027-06-01;actif
364;2025-07-01;Mukendi43;Jean43;1251374.0;10.0%;4 mois;41712.0;1293086.0;305925.0;987161.0;2027-06-01;actif
479;2025-07-01;Mukendi43;Jean43;1262408.0;10.0%;10 mois;105200.0;1367608.0;90674.0;1276934.0;2027-06-01;actif
340;2025-07-01;Mukendi44;Jean44;1045877.0;10.0%;7 mois;61009.0;1106886.0;197370.0;909516.0;2027-06-01;actif
369;2025-07-01;Mukendi44;Jean44;1958684.0;10.0%;7 mois;114256.0;2072940.0;691174.0;1381766.0;2027-06-01;actif
441;2025-07-01;Mukendi44;Jean44;753602.0;10.0%;5 mois;31400.0;785002.0;63305.0;721697.0;2027-06-01;actif
451;2025-07-01;Mukendi44;Jean44;1330390.0;10.0%;4 mois;44346.0;1374736.0;625236.0;749500.0;2027-06-01;actif
202;2025-07-01;Mukendi45;Jean45;1994276.0;10.0%;17 mois;282522.0;2276798.0;1027484.0;1249314.0;2026-01-15;en_retard
239;2025-07-01;Mukendi45;Jean45;388344.0;10.0%;12 mois;38834.0;427178.0;160193.0;266985.0;2026-01-15;en_retard
323;2025-07-01;Mukendi45;Jean45;695997.0;10.0%;15 mois;86999.0;782996.0;36494.0;746502.0;2027-06-01;actif
111;2025-07-01;Mukendi46;Jean46;1203361.0;10.0%;15 mois;150420.0;1353781.0;529208.0;824573.0;2026-01-15;en_retard
252;2025-07-01;Mukendi46;Jean46;1903177.0;10.0%;10 mois;158598.0;2061775.0;743007.0;1318768.0;2026-01-15;en_retard
347;2025-07-01;Mukendi46;Jean46;1002934.0;10.0%;16 mois;133724.0;1136658.0;471907.0;664751.0;2027-06-01;actif
452;2025-07-01;Mukendi46;Jean46;1554074.0;10.0%;18 mois;233111.0;1787185.0;641780.0;1145405.0;2027-06-01;actif
19;2025-07-01;Mukendi47;Jean47;1841412.0;10.0%;3 mois;46035.0;1887447.0;131113.0;1756334.0;2026-01-15;en_retard
197;2025-07-01;Mukendi47;Jean47;1837044.0;10.0%;15 mois;229630.0;2066674.0;515318.0;1551356.0;2026-01-15;en_retard
397;2025-07-01;Mukendi47;Jean47;581283.0;10.0%;12 mois;58128.0;639411.0;244819.0;394592.0;2027-06-01;actif
47;2025-07-01;Mukendi48;Jean48;1839881.0;10.0%;5 mois;76661.0;1916542.0;191267.0;1725275.0;2026-01-15;en_retard
151;2025-07-01;Mukendi48;Jean48;722637.0;10.0%;14 mois;84307.0;806944.0;311362.0;495582.0;2026-01-15;en_retard
420;2025-07-01;Mukendi48;Jean48;676776.0;10.0%;15 mois;84597.0;761373.0;55977.0;705396.0;2027-06-01;actif
422;2025-07-01;Mukendi48;Jean48;343481.0;10.0%;4 mois;11449.0;354930.0;50618.0;304312.0;2027-06-01;actif
79;2025-07-01;Mukendi49;Jean49;94780.0;10.0%;15 mois;11847.0;106627.0;23472.0;83155.0;2026-01-15;en_retard
262;2025-07-01;Mukendi49;Jean49;743139.0;10.0%;13 mois;80506.0;823645.0;352569.0;471076.0;2026-01-15;en_retard
393;2025-07-01;Mukendi49;Jean49;121390.0;10.0%;3 mois;3034.0;124424.0;40592.0;83832.0;2027-06-01;actif
9;2025-07-01;Mukendi50;Jean50;1259750.0;10.0%;8 mois;83983.0;1343733.0;298433.0;1045300.0;2026-01-15;en_retard
171;2025-07-01;Mukendi50;Jean50;1099940.0;10.0%;17 mois;155824.0;1255764.0;587923.0;667841.0;2026-01-15;en_retard
201;2025-07-01;Mukendi51;Jean51;1639172.0;10.0%;9 mois;122937.0;1762109.0;69348.0;1692761.0;2026-01-15;en_retard
217;2025-07-01;Mukendi51;Jean51;1900838.0;10.0%;17 mois;269285.0;2170123.0;189120.0;1981003.0;2026-01-15;en_retard
257;2025-07-01;Mukendi51;Jean51;1497070.0;10.0%;12 mois;149707.0;1646777.0;266776.0;1380001.0;2026-01-15;en_retard
279;2025-07-01;Mukendi51;Jean51;1965441.0;10.0%;5 mois;81893.0;2047334.0;465330.0;1582004.0;2026-01-15;en_retard
419;2025-07-01;Mukendi51;Jean51;420395.0;10.0%;4 mois;14013.0;434408.0;100706.0;333702.0;2027-06-01;actif
437;2025-07-01;Mukendi51;Jean51;943830.0;10.0%;13 mois;102248.0;1046078.0;425470.0;620608.0;2027-06-01;actif
469;2025-07-01;Mukendi51;Jean51;837548.0;10.0%;10 mois;69795.0;907343.0;38550.0;868793.0;2027-06-01;actif
449;2025-07-01;Mukendi52;Jean52;350076.0;10.0%;11 mois;32090.0;382166.0;137124.0;245042.0;2027-06-01;actif
64;2025-07-01;Mukendi53;Jean53;1041587.0;10.0%;15 mois;130198.0;1171785.0;327270.0;844515.0;2026-01-15;en_retard
99;2025-07-01;Mukendi53;Jean53;1425206.0;10.0%;18 mois;213780.0;1638986.0;83840.0;1555146.0;2026-01-15;en_retard
160;2025-07-01;Mukendi53;Jean53;1601919.0;10.0%;9 mois;120143.0;1722062.0;213701.0;1508361.0;2026-01-15;en_retard
234;2025-07-01;Mukendi53;Jean53;152590.0;10.0%;8 mois;10172.0;162762.0;19432.0;143330.0;2026-01-15;en_retard
247;2025-07-01;Mukendi53;Jean53;1333569.0;10.0%;4 mois;44452.0;1378021.0;114611.0;1263410.0;2026-01-15;en_retard
290;2025-07-01;Mukendi53;Jean53;722934.0;10.0%;9 mois;54220.0;777154.0;100949.0;676205.0;2026-01-15;en_retard
457;2025-07-01;Mukendi53;Jean53;629708.0;10.0%;4 mois;20990.0;650698.0;101564.0;549134.0;2027-06-01;actif
461;2025-07-01;Mukendi53;Jean53;961572.0;10.0%;11 mois;88144.0;1049716.0;350533.0;699183.0;2027-06-01;actif
440;2025-07-01;Mukendi54;Jean54;1652702.0;10.0%;4 mois;55090.0;1707792.0;621894.0;1085898.0;2027-06-01;actif
5;2025-07-01;Mukendi55;Jean55;1756700.0;10.0%;11 mois;161030.0;1917730.0;499687.0;1418043.0;2026-01-15;en_retard
55;2025-07-01;Mukendi55;Jean55;767043.0;10.0%;16 mois;102272.0;869315.0;163355.0;705960.0;2026-01-15;en_retard
69;2025-07-01;Mukendi55;Jean55;286828.0;10.0%;10 mois;23902.0;310730.0;113812.0;196918.0;2026-01-15;en_retard
128;2025-07-01;Mukendi55;Jean55;1589867.0;10.0%;5 mois;66244.0;1656111.0;758729.0;897382.0;2026-01-15;en_retard
326;2025-07-01;Mukendi55;Jean55;1763443.0;10.0%;7 mois;102867.0;1866310.0;930361.0;935949.0;2027-06-01;actif
392;2025-07-01;Mukendi56;Jean56;1570960.0;10.0%;12 mois;157096.0;1728056.0;264132.0;1463924.0;2027-06-01;actif
199;2025-07-01;Mukendi57;Jean57;117590.0;10.0%;16 mois;15678.0;133268.0;1967.0;131301.0;2026-01-15;en_retard
414;2025-07-01;Mukendi57;Jean57;56936.0;10.0%;15 mois;7117.0;64053.0;31265.0;32788.0;2027-06-01;actif
134;2025-07-01;Mukendi58;Jean58;1617995.0;10.0%;3 mois;40449.0;1658444.0;664678.0;993766.0;2026-01-15;en_retard
468;2025-07-01;Mukendi58;Jean58;255655.0;10.0%;10 mois;21304.0;276959.0;108159.0;168800.0;2027-06-01;actif
155;2025-07-01;Mukendi59;Jean59;468770.0;10.0%;14 mois;54689.0;523459.0;40892.0;482567.0;2026-01-15;en_retard
194;2025-07-01;Mukendi59;Jean59;534258.0;10.0%;3 mois;13356.0;547614.0;188356.0;359258.0;2026-01-15;en_retard
307;2025-07-01;Mukendi59;Jean59;519330.0;10.0%;7 mois;30294.0;549624.0;135293.0;414331.0;2027-06-01;actif
20;2025-07-01;Mukendi60;Jean60;1438361.0;10.0%;11 mois;131849.0;1570210.0;780009.0;790201.0;2026-01-15;en_retard
231;2025-07-01;Mukendi60;Jean60;504817.0;10.0%;18 mois;75722.0;580539.0;237889.0;342650.0;2026-01-15;en_retard
320;2025-07-01;Mukendi60;Jean60;412986.0;10.0%;5 mois;17207.0;430193.0;193820.0;236373.0;2027-06-01;actif
371;2025-07-01;Mukendi60;Jean60;1066947.0;10.0%;8 mois;71129.0;1138076.0;553007.0;585069.0;2027-06-01;actif
465;2025-07-01;Mukendi60;Jean60;1562891.0;10.0%;17 mois;221409.0;1784300.0;621497.0;1162803.0;2027-06-01;actif
116;2025-07-01;Mukendi61;Jean61;1231000.0;10.0%;9 mois;92325.0;1323325.0;393282.0;930043.0;2026-01-15;en_retard
181;2025-07-01;Mukendi61;Jean61;1251455.0;10.0%;7 mois;73001.0;1324456.0;447180.0;877276.0;2026-01-15;en_retard
316;2025-07-01;Mukendi61;Jean61;1352068.0;10.0%;10 mois;112672.0;1464740.0;574566.0;890174.0;2027-06-01;actif
387;2025-07-01;Mukendi61;Jean61;1589966.0;10.0%;9 mois;119247.0;1709213.0;545209.0;1164004.0;2027-06-01;actif
208;2025-07-01;Mukendi62;Jean62;1137798.0;10.0%;15 mois;142224.0;1280022.0;41158.0;1238864.0;2026-01-15;en_retard
297;2025-07-01;Mukendi62;Jean62;409189.0;10.0%;5 mois;17049.0;426238.0;81625.0;344613.0;2026-01-15;en_retard
444;2025-07-01;Mukendi62;Jean62;1991282.0;10.0%;4 mois;66376.0;2057658.0;139849.0;1917809.0;2027-06-01;actif
107;2025-07-01;Mukendi63;Jean63;1245434.0;10.0%;8 mois;83028.0;1328462.0;585549.0;742913.0;2026-01-15;en_retard
126;2025-07-01;Mukendi63;Jean63;538624.0;10.0%;11 mois;49373.0;587997.0;157444.0;430553.0;2026-01-15;en_retard
483;2025-07-01;Mukendi63;Jean63;569740.0;10.0%;13 mois;61721.0;631461.0;227671.0;403790.0;2027-06-01;actif
60;2025-07-01;Mukendi64;Jean64;1763898.0;10.0%;15 mois;220487.0;1984385.0;868485.0;1115900.0;2026-01-15;en_retard
218;2025-07-01;Mukendi64;Jean64;729634.0;10.0%;8 mois;48642.0;778276.0;376635.0;401641.0;2026-01-15;en_retard
229;2025-07-01;Mukendi64;Jean64;75601.0;10.0%;17 mois;10710.0;86311.0;32612.0;53699.0;2026-01-15;en_retard
367;2025-07-01;Mukendi64;Jean64;327953.0;10.0%;11 mois;30062.0;358015.0;72146.0;285869.0;2027-06-01;actif
368;2025-07-01;Mukendi65;Jean65;79785.0;10.0%;6 mois;3989.0;83774.0;39572.0;44202.0;2027-06-01;actif
25;2025-07-01;Mukendi67;Jean67;1346254.0;10.0%;7 mois;78531.0;1424785.0;88406.0;1336379.0;2026-01-15;en_retard
377;2025-07-01;Mukendi67;Jean67;1634364.0;10.0%;6 mois;81718.0;1716082.0;55074.0;1661008.0;2027-06-01;actif
16;2025-07-01;Mukendi68;Jean68;1319584.0;10.0%;15 mois;164948.0;1484532.0;284424.0;1200108.0;2026-01-15;en_retard
103;2025-07-01;Mukendi68;Jean68;1159437.0;10.0%;4 mois;38647.0;1198084.0;73807.0;1124277.0;2026-01-15;en_retard
148;2025-07-01;Mukendi68;Jean68;1679008.0;10.0%;16 mois;223867.0;1902875.0;339121.0;1563754.0;2026-01-15;en_retard
193;2025-07-01;Mukendi68;Jean68;1320044.0;10.0%;10 mois;110003.0;1430047.0;625329.0;804718.0;2026-01-15;en_retard
46;2025-07-01;Mukendi69;Jean69;647010.0;10.0%;11 mois;59309.0;706319.0;216480.0;489839.0;2026-01-15;en_retard
165;2025-07-01;Mukendi69;Jean69;161327.0;10.0%;17 mois;22854.0;184181.0;85820.0;98361.0;2026-01-15;en_retard
167;2025-07-01;Mukendi69;Jean69;1440373.0;10.0%;14 mois;168043.0;1608416.0;113132.0;1495284.0;2026-01-15;en_retard
200;2025-07-01;Mukendi69;Jean69;916216.0;10.0%;10 mois;76351.0;992567.0;389213.0;603354.0;2026-01-15;en_retard
385;2025-07-01;Mukendi69;Jean69;752477.0;10.0%;11 mois;68977.0;821454.0;140030.0;681424.0;2027-06-01;actif
474;2025-07-01;Mukendi69;Jean69;474066.0;10.0%;13 mois;51357.0;525423.0;66695.0;458728.0;2027-06-01;actif
191;2025-07-01;Mukendi70;Jean70;368677.0;10.0%;9 mois;27650.0;396327.0;27989.0;368338.0;2026-01-15;en_retard
293;2025-07-01;Mukendi70;Jean70;290040.0;10.0%;3 mois;7251.0;297291.0;146702.0;150589.0;2026-01-15;en_retard
442;2025-07-01;Mukendi70;Jean70;346195.0;10.0%;16 mois;46159.0;392354.0;44053.0;348301.0;2027-06-01;actif
178;2025-07-01;Mukendi71;Jean71;523081.0;10.0%;7 mois;30513.0;553594.0;179194.0;374400.0;2026-01-15;en_retard
27;2025-07-01;Mukendi72;Jean72;979374.0;10.0%;7 mois;57130.0;1036504.0;68827.0;967677.0;2026-01-15;en_retard
336;2025-07-01;Mukendi72;Jean72;1865461.0;10.0%;3 mois;46636.0;1912097.0;246668.0;1665429.0;2027-06-01;actif
448;2025-07-01;Mukendi72;Jean72;922881.0;10.0%;18 mois;138432.0;1061313.0;133056.0;928257.0;2027-06-01;actif
12;2025-07-01;Mukendi73;Jean73;1022558.0;10.0%;7 mois;59649.0;1082207.0;175715.0;906492.0;2026-01-15;en_retard
38;2025-07-01;Mukendi73;Jean73;1033979.0;10.0%;3 mois;25849.0;1059828.0;515827.0;544001.0;2026-01-15;en_retard
211;2025-07-01;Mukendi73;Jean73;1017515.0;10.0%;8 mois;67834.0;1085349.0;442983.0;642366.0;2026-01-15;en_retard
249;2025-07-01;Mukendi73;Jean73;945596.0;10.0%;13 mois;102439.0;1048035.0;136136.0;911899.0;2026-01-15;en_retard
291;2025-07-01;Mukendi73;Jean73;630176.0;10.0%;13 mois;68269.0;698445.0;231271.0;467174.0;2026-01-15;en_retard
382;2025-07-01;Mukendi73;Jean73;1994526.0;10.0%;17 mois;282557.0;2277083.0;801120.0;1475963.0;2027-06-01;actif
40;2025-07-01;Mukendi74;Jean74;1302007.0;10.0%;10 mois;108500.0;1410507.0;7568.0;1402939.0;2026-01-15;en_retard
210;2025-07-01;Mukendi74;Jean74;971811.0;10.0%;15 mois;121476.0;1093287.0;319348.0;773939.0;2026-01-15;en_retard
253;2025-07-01;Mukendi74;Jean74;455915.0;10.0%;3 mois;11397.0;467312.0;30987.0;436325.0;2026-01-15;en_retard
212;2025-07-01;Mukendi75;Jean75;1335835.0;10.0%;4 mois;44527.0;1380362.0;542081.0;838281.0;2026-01-15;en_retard
334;2025-07-01;Mukendi75;Jean75;180884.0;10.0%;14 mois;21103.0;201987.0;71943.0;130044.0;2027-06-01;actif
478;2025-07-01;Mukendi75;Jean75;1315916.0;10.0%;8 mois;87727.0;1403643.0;668990.0;734653.0;2027-06-01;actif
490;2025-07-01;Mukendi75;Jean75;551350.0;10.0%;5 mois;22972.0;574322.0;8351.0;565971.0;2027-06-01;actif
3;2025-07-01;Mukendi76;Jean76;576330.0;10.0%;4 mois;19211.0;595541.0;208877.0;386664.0;2026-01-15;en_retard
121;2025-07-01;Mukendi76;Jean76;515330.0;10.0%;9 mois;38649.0;553979.0;165100.0;388879.0;2026-01-15;en_retard
131;2025-07-01;Mukendi76;Jean76;128373.0;10.0%;15 mois;16046.0;144419.0;10286.0;134133.0;2026-01-15;en_retard
242;2025-07-01;Mukendi76;Jean76;727006.0;10.0%;14 mois;84817.0;811823.0;198673.0;613150.0;2026-01-15;en_retard
104;2025-07-01;Mukendi77;Jean77;213442.0;10.0%;9 mois;16008.0;229450.0;68089.0;161361.0;2026-01-15;en_retard
379;2025-07-01;Mukendi77;Jean77;1048802.0;10.0%;10 mois;87400.0;1136202.0;398249.0;737953.0;2027-06-01;actif
416;2025-07-01;Mukendi77;Jean77;890150.0;10.0%;4 mois;29671.0;919821.0;331492.0;588329.0;2027-06-01;actif
35;2025-07-01;Mukendi78;Jean78;817103.0;10.0%;16 mois;108947.0;926050.0;136213.0;789837.0;2026-01-15;en_retard
173;2025-07-01;Mukendi78;Jean78;749546.0;10.0%;18 mois;112431.0;861977.0;206254.0;655723.0;2026-01-15;en_retard
273;2025-07-01;Mukendi78;Jean78;1529050.0;10.0%;13 mois;165647.0;1694697.0;744321.0;950376.0;2026-01-15;en_retard
182;2025-07-01;Mukendi79;Jean79;1957853.0;10.0%;13 mois;212100.0;2169953.0;941976.0;1227977.0;2026-01-15;en_retard
185;2025-07-01;Mukendi79;Jean79;1493956.0;10.0%;7 mois;87147.0;1581103.0;450955.0;1130148.0;2026-01-15;en_retard
286;2025-07-01;Mukendi79;Jean79;142337.0;10.0%;5 mois;5930.0;148267.0;43684.0;104583.0;2026-01-15;en_retard
15;2025-07-01;Mukendi80;Jean80;714541.0;10.0%;12 mois;71454.0;785995.0;372471.0;413524.0;2026-01-15;en_retard
383;2025-07-01;Mukendi80;Jean80;1162022.0;10.0%;4 mois;38734.0;1200756.0;102093.0;1098663.0;2027-06-01;actif
188;2025-07-01;Mukendi81;Jean81;1810606.0;10.0%;7 mois;105618.0;1916224.0;762398.0;1153826.0;2026-01-15;en_retard
331;2025-07-01;Mukendi81;Jean81;678590.0;10.0%;12 mois;67859.0;746449.0;227922.0;518527.0;2027-06-01;actif
338;2025-07-01;Mukendi81;Jean81;1542697.0;10.0%;15 mois;192837.0;1735534.0;425756.0;1309778.0;2027-06-01;actif
65;2025-07-01;Mukendi82;Jean82;382632.0;10.0%;4 mois;12754.0;395386.0;195225.0;200161.0;2026-01-15;en_retard
70;2025-07-01;Mukendi83;Jean83;81599.0;10.0%;8 mois;5439.0;87038.0;18094.0;68944.0;2026-01-15;en_retard
114;2025-07-01;Mukendi83;Jean83;1821787.0;10.0%;14 mois;212541.0;2034328.0;432373.0;1601955.0;2026-01-15;en_retard
129;2025-07-01;Mukendi83;Jean83;1712840.0;10.0%;18 mois;256926.0;1969766.0;181301.0;1788465.0;2026-01-15;en_retard
203;2025-07-01;Mukendi83;Jean83;1867758.0;10.0%;17 mois;264599.0;2132357.0;517543.0;1614814.0;2026-01-15;en_retard
283;2025-07-01;Mukendi83;Jean83;350511.0;10.0%;6 mois;17525.0;368036.0;135304.0;232732.0;2026-01-15;en_retard
467;2025-07-01;Mukendi83;Jean83;532477.0;10.0%;6 mois;26623.0;559100.0;170987.0;388113.0;2027-06-01;actif
269;2025-07-01;Mukendi84;Jean84;1726747.0;10.0%;14 mois;201453.0;1928200.0;69429.0;1858771.0;2026-01-15;en_retard
309;2025-07-01;Mukendi84;Jean84;1704188.0;10.0%;13 mois;184620.0;1888808.0;475301.0;1413507.0;2027-06-01;actif
260;2025-07-01;Mukendi85;Jean85;765887.0;10.0%;15 mois;95735.0;861622.0;379792.0;481830.0;2026-01-15;en_retard
303;2025-07-01;Mukendi85;Jean85;1764300.0;10.0%;9 mois;132322.0;1896622.0;747528.0;1149094.0;2027-06-01;actif
499;2025-07-01;Mukendi85;Jean85;1593002.0;10.0%;4 mois;53100.0;1646102.0;539740.0;1106362.0;2027-06-01;actif
13;2025-07-01;Mukendi86;Jean86;934613.0;10.0%;15 mois;116826.0;1051439.0;74809.0;976630.0;2026-01-15;en_retard
112;2025-07-01;Mukendi86;Jean86;1428944.0;10.0%;8 mois;95262.0;1524206.0;559835.0;964371.0;2026-01-15;en_retard
298;2025-07-01;Mukendi86;Jean86;1183672.0;10.0%;17 mois;167686.0;1351358.0;53190.0;1298168.0;2026-01-15;en_retard
388;2025-07-01;Mukendi86;Jean86;1471277.0;10.0%;8 mois;98085.0;1569362.0;328487.0;1240875.0;2027-06-01;actif
427;2025-07-01;Mukendi86;Jean86;1702091.0;10.0%;4 mois;56736.0;1758827.0;425205.0;1333622.0;2027-06-01;actif
158;2025-07-01;Mukendi87;Jean87;1504994.0;10.0%;6 mois;75249.0;1580243.0;319939.0;1260304.0;2026-01-15;en_retard
318;2025-07-01;Mukendi87;Jean87;486707.0;10.0%;16 mois;64894.0;551601.0;228250.0;323351.0;2027-06-01;actif
78;2025-07-01;Mukendi88;Jean88;1739309.0;10.0%;17 mois;246402.0;1985711.0;768804.0;1216907.0;2026-01-15;en_retard
332;2025-07-01;Mukendi88;Jean88;237249.0;10.0%;3 mois;5931.0;243180.0;80149.0;163031.0;2027-06-01;actif
83;2025-07-01;Mukendi89;Jean89;728807.0;10.0%;17 mois;103247.0;832054.0;144349.0;687705.0;2026-01-15;en_retard
153;2025-07-01;Mukendi89;Jean89;1342309.0;10.0%;17 mois;190160.0;1532469.0;653453.0;879016.0;2026-01-15;en_retard
256;2025-07-01;Mukendi89;Jean89;1225276.0;10.0%;9 mois;91895.0;1317171.0;11846.0;1305325.0;2026-01-15;en_retard
295;2025-07-01;Mukendi89;Jean89;1202103.0;10.0%;13 mois;130227.0;1332330.0;284218.0;1048112.0;2026-01-15;en_retard
10;2025-07-01;Mukendi90;Jean90;731763.0;10.0%;18 mois;109764.0;841527.0;406189.0;435338.0;2026-01-15;en_retard
175;2025-07-01;Mukendi90;Jean90;795281.0;10.0%;12 mois;79528.0;874809.0;123839.0;750970.0;2026-01-15;en_retard
421;2025-07-01;Mukendi91;Jean91;1070271.0;10.0%;5 mois;44594.0;1114865.0;459259.0;655606.0;2027-06-01;actif
7;2025-07-01;Mukendi92;Jean92;805617.0;10.0%;11 mois;73848.0;879465.0;180428.0;699037.0;2026-01-15;en_retard
68;2025-07-01;Mukendi92;Jean92;1911263.0;10.0%;4 mois;63708.0;1974971.0;905610.0;1069361.0;2026-01-15;en_retard
88;2025-07-01;Mukendi93;Jean93;1677424.0;10.0%;10 mois;139785.0;1817209.0;336272.0;1480937.0;2026-01-15;en_retard
98;2025-07-01;Mukendi93;Jean93;512889.0;10.0%;5 mois;21370.0;534259.0;6860.0;527399.0;2026-01-15;en_retard
308;2025-07-01;Mukendi93;Jean93;872244.0;10.0%;8 mois;58149.0;930393.0;366799.0;563594.0;2027-06-01;actif
500;2025-07-01;Mukendi93;Jean93;1912224.0;10.0%;4 mois;63740.0;1975964.0;116356.0;1859608.0;2027-06-01;actif
102;2025-07-01;Mukendi94;Jean94;1715662.0;10.0%;4 mois;57188.0;1772850.0;863652.0;909198.0;2026-01-15;en_retard
443;2025-07-01;Mukendi94;Jean94;1210580.0;10.0%;8 mois;80705.0;1291285.0;459969.0;831316.0;2027-06-01;actif
278;2025-07-01;Mukendi95;Jean95;1696146.0;10.0%;4 mois;56538.0;1752684.0;815572.0;937112.0;2026-01-15;en_retard
44;2025-07-01;Mukendi96;Jean96;512615.0;10.0%;11 mois;46989.0;559604.0;41528.0;518076.0;2026-01-15;en_retard
271;2025-07-01;Mukendi96;Jean96;1363888.0;10.0%;8 mois;90925.0;1454813.0;598717.0;856096.0;2026-01-15;en_retard
135;2025-07-01;Mukendi97;Jean97;163514.0;10.0%;12 mois;16351.0;179865.0;68731.0;111134.0;2026-01-15;en_retard
169;2025-07-01;Mukendi97;Jean97;1116486.0;10.0%;6 mois;55824.0;1172310.0;330779.0;841531.0;2026-01-15;en_retard
180;2025-07-01;Mukendi97;Jean97;1142024.0;10.0%;10 mois;95168.0;1237192.0;437605.0;799587.0;2026-01-15;en_retard
205;2025-07-01;Mukendi97;Jean97;1560370.0;10.0%;13 mois;169040.0;1729410.0;413296.0;1316114.0;2026-01-15;en_retard
339;2025-07-01;Mukendi97;Jean97;962659.0;10.0%;9 mois;72199.0;1034858.0;347334.0;687524.0;2027-06-01;actif
106;2025-07-01;Mukendi98;Jean98;447327.0;10.0%;9 mois;33549.0;480876.0;137938.0;342938.0;2026-01-15;en_retard
348;2025-07-01;Mukendi98;Jean98;795133.0;10.0%;10 mois;66261.0;861394.0;97408.0;763986.0;2027-06-01;actif
26;2025-07-01;Mukendi99;Jean99;698797.0;10.0%;10 mois;58233.0;757030.0;129707.0;627323.0;2026-01-15;en_retard
177;2025-07-01;Mukendi99;Jean99;1917308.0;10.0%;3 mois;47932.0;1965240.0;581896.0;1383344.0;2026-01-15;en_retard
272;2025-07-01;Mukendi99;Jean99;442962.0;10.0%;6 mois;22148.0;465110.0;226648.0;238462.0;2026-01-15;en_retard
285;2025-07-01;Mukendi99;Jean99;1546689.0;10.0%;6 mois;77334.0;1624023.0;4309.0;1619714.0;2026-01-15;en_retard
380;2025-07-01;Mukendi99;Jean99;1045286.0;10.0%;11 mois;95817.0;1141103.0;152200.0;988903.0;2027-06-01;actif
424;2025-07-01;Mukendi99;Jean99;182105.0;10.0%;12 mois;18210.0;200315.0;65494.0;134821.0;2027-06-01;actif
179;2025-07-01;Mukendi10;Jean100;1427685.0;10.0%;7 mois;83281.0;1510966.0;92059.0;1418907.0;2026-01-15;en_retard
404;2025-07-01;Mukendi10;Jean100;424220.0;10.0%;18 mois;63633.0;487853.0;28424.0;459429.0;2027-06-01;actif
24;2025-07-01;Mukendi10;Jean101;1148871.0;10.0%;5 mois;47869.0;1196740.0;108976.0;1087764.0;2026-01-15;en_retard
146;2025-07-01;Mukendi10;Jean101;1417864.0;10.0%;9 mois;106339.0;1524203.0;588426.0;935777.0;2026-01-15;en_retard
143;2025-07-01;Mukendi10;Jean102;600623.0;10.0%;5 mois;25025.0;625648.0;208942.0;416706.0;2026-01-15;en_retard
438;2025-07-01;Mukendi10;Jean102;729969.0;10.0%;6 mois;36498.0;766467.0;358659.0;407808.0;2027-06-01;actif
494;2025-07-01;Mukendi10;Jean103;437859.0;10.0%;14 mois;51083.0;488942.0;164314.0;324628.0;2027-06-01;actif
92;2025-07-01;Mukendi10;Jean104;1394072.0;10.0%;13 mois;151024.0;1545096.0;115830.0;1429266.0;2026-01-15;en_retard
232;2025-07-01;Mukendi10;Jean104;976679.0;10.0%;5 mois;40694.0;1017373.0;315210.0;702163.0;2026-01-15;en_retard
489;2025-07-01;Mukendi10;Jean104;507192.0;10.0%;7 mois;29586.0;536778.0;187907.0;348871.0;2027-06-01;actif
150;2025-07-01;Mukendi10;Jean105;938229.0;10.0%;14 mois;109460.0;1047689.0;182613.0;865076.0;2026-01-15;en_retard
190;2025-07-01;Mukendi10;Jean105;686167.0;10.0%;17 mois;97206.0;783373.0;390914.0;392459.0;2026-01-15;en_retard
266;2025-07-01;Mukendi10;Jean105;1995716.0;10.0%;4 mois;66523.0;2062239.0;875671.0;1186568.0;2026-01-15;en_retard
374;2025-07-01;Mukendi10;Jean105;1665578.0;10.0%;15 mois;208197.0;1873775.0;249505.0;1624270.0;2027-06-01;actif
480;2025-07-01;Mukendi10;Jean105;1847204.0;10.0%;18 mois;277080.0;2124284.0;453913.0;1670371.0;2027-06-01;actif
255;2025-07-01;Mukendi10;Jean106;918307.0;10.0%;4 mois;30610.0;948917.0;175003.0;773914.0;2026-01-15;en_retard
342;2025-07-01;Mukendi10;Jean106;373521.0;10.0%;12 mois;37352.0;410873.0;175653.0;235220.0;2027-06-01;actif
346;2025-07-01;Mukendi10;Jean106;1853871.0;10.0%;17 mois;262631.0;2116502.0;892766.0;1223736.0;2027-06-01;actif
485;2025-07-01;Mukendi10;Jean106;142744.0;10.0%;4 mois;4758.0;147502.0;61689.0;85813.0;2027-06-01;actif
361;2025-07-01;Mukendi10;Jean107;790115.0;10.0%;12 mois;79011.0;869126.0;151628.0;717498.0;2027-06-01;actif
454;2025-07-01;Mukendi10;Jean107;59584.0;10.0%;10 mois;4965.0;64549.0;6288.0;58261.0;2027-06-01;actif
477;2025-07-01;Mukendi10;Jean107;409035.0;10.0%;13 mois;44312.0;453347.0;57633.0;395714.0;2027-06-01;actif
45;2025-07-01;Mukendi10;Jean108;1361397.0;10.0%;10 mois;113449.0;1474846.0;541704.0;933142.0;2026-01-15;en_retard
349;2025-07-01;Mukendi10;Jean108;1317882.0;10.0%;3 mois;32947.0;1350829.0;606012.0;744817.0;2027-06-01;actif
110;2025-07-01;Mukendi10;Jean109;1901416.0;10.0%;6 mois;95070.0;1996486.0;174912.0;1821574.0;2026-01-15;en_retard
204;2025-07-01;Mukendi10;Jean109;899067.0;10.0%;4 mois;29968.0;929035.0;318730.0;610305.0;2026-01-15;en_retard
399;2025-07-01;Mukendi10;Jean109;1501693.0;10.0%;13 mois;162683.0;1664376.0;269836.0;1394540.0;2027-06-01;actif
115;2025-07-01;Mukendi11;Jean110;1782572.0;10.0%;13 mois;193111.0;1975683.0;637967.0;1337716.0;2026-01-15;en_retard
140;2025-07-01;Mukendi11;Jean110;657719.0;10.0%;15 mois;82214.0;739933.0;77601.0;662332.0;2026-01-15;en_retard
337;2025-07-01;Mukendi11;Jean110;1522666.0;10.0%;15 mois;190333.0;1712999.0;655584.0;1057415.0;2027-06-01;actif
133;2025-07-01;Mukendi11;Jean111;923509.0;10.0%;6 mois;46175.0;969684.0;456018.0;513666.0;2026-01-15;en_retard
345;2025-07-01;Mukendi11;Jean111;334742.0;10.0%;5 mois;13947.0;348689.0;35971.0;312718.0;2027-06-01;actif
413;2025-07-01;Mukendi11;Jean111;897066.0;10.0%;5 mois;37377.0;934443.0;283183.0;651260.0;2027-06-01;actif
471;2025-07-01;Mukendi11;Jean111;353963.0;10.0%;9 mois;26547.0;380510.0;159759.0;220751.0;2027-06-01;actif
53;2025-07-01;Mukendi11;Jean112;1574854.0;10.0%;3 mois;39371.0;1614225.0;244119.0;1370106.0;2026-01-15;en_retard
81;2025-07-01;Mukendi11;Jean112;1222359.0;10.0%;12 mois;122235.0;1344594.0;569097.0;775497.0;2026-01-15;en_retard
375;2025-07-01;Mukendi11;Jean112;1572530.0;10.0%;8 mois;104835.0;1677365.0;221099.0;1456266.0;2027-06-01;actif
403;2025-07-01;Mukendi11;Jean112;195539.0;10.0%;18 mois;29330.0;224869.0;26302.0;198567.0;2027-06-01;actif
17;2025-07-01;Mukendi11;Jean113;1687821.0;10.0%;14 mois;196912.0;1884733.0;784225.0;1100508.0;2026-01-15;en_retard
62;2025-07-01;Mukendi11;Jean113;568336.0;10.0%;4 mois;18944.0;587280.0;104427.0;482853.0;2026-01-15;en_retard
113;2025-07-01;Mukendi11;Jean113;788877.0;10.0%;13 mois;85461.0;874338.0;288401.0;585937.0;2026-01-15;en_retard
11;2025-07-01;Mukendi11;Jean114;1915694.0;10.0%;5 mois;79820.0;1995514.0;399581.0;1595933.0;2026-01-15;en_retard
227;2025-07-01;Mukendi11;Jean114;655616.0;10.0%;8 mois;43707.0;699323.0;61632.0;637691.0;2026-01-15;en_retard
302;2025-07-01;Mukendi11;Jean114;1342506.0;10.0%;14 mois;156625.0;1499131.0;327617.0;1171514.0;2027-06-01;actif
370;2025-07-01;Mukendi11;Jean114;825457.0;10.0%;8 mois;55030.0;880487.0;136971.0;743516.0;2027-06-01;actif
409;2025-07-01;Mukendi11;Jean114;89352.0;10.0%;18 mois;13402.0;102754.0;9755.0;92999.0;2027-06-01;actif
118;2025-07-01;Mukendi11;Jean115;988475.0;10.0%;15 mois;123559.0;1112034.0;205.0;1111829.0;2026-01-15;en_retard
159;2025-07-01;Mukendi11;Jean115;1038157.0;10.0%;3 mois;25953.0;1064110.0;347997.0;716113.0;2026-01-15;en_retard
216;2025-07-01;Mukendi11;Jean115;102244.0;10.0%;8 mois;6816.0;109060.0;29732.0;79328.0;2026-01-15;en_retard
220;2025-07-01;Mukendi11;Jean115;1379746.0;10.0%;14 mois;160970.0;1540716.0;89450.0;1451266.0;2026-01-15;en_retard
276;2025-07-01;Mukendi11;Jean115;1789498.0;10.0%;12 mois;178949.0;1968447.0;226639.0;1741808.0;2026-01-15;en_retard
450;2025-07-01;Mukendi11;Jean115;914092.0;10.0%;10 mois;76174.0;990266.0;491829.0;498437.0;2027-06-01;actif
32;2025-07-01;Mukendi11;Jean116;1373402.0;10.0%;16 mois;183120.0;1556522.0;548887.0;1007635.0;2026-01-15;en_retard
49;2025-07-01;Mukendi11;Jean116;1345472.0;10.0%;17 mois;190608.0;1536080.0;285353.0;1250727.0;2026-01-15;en_retard
306;2025-07-01;Mukendi11;Jean116;700938.0;10.0%;17 mois;99299.0;800237.0;246701.0;553536.0;2027-06-01;actif
434;2025-07-01;Mukendi11;Jean116;1331833.0;10.0%;8 mois;88788.0;1420621.0;619752.0;800869.0;2027-06-01;actif
462;2025-07-01;Mukendi11;Jean116;140843.0;10.0%;6 mois;7042.0;147885.0;6875.0;141010.0;2027-06-01;actif
472;2025-07-01;Mukendi11;Jean116;423420.0;10.0%;15 mois;52927.0;476347.0;97906.0;378441.0;2027-06-01;actif
63;2025-07-01;Mukendi11;Jean117;1592083.0;10.0%;6 mois;79604.0;1671687.0;546453.0;1125234.0;2026-01-15;en_retard
418;2025-07-01;Mukendi11;Jean117;1644785.0;10.0%;12 mois;164478.0;1809263.0;679259.0;1130004.0;2027-06-01;actif
492;2025-07-01;Mukendi11;Jean117;1849193.0;10.0%;3 mois;46229.0;1895422.0;476935.0;1418487.0;2027-06-01;actif
322;2025-07-01;Mukendi11;Jean118;732367.0;10.0%;6 mois;36618.0;768985.0;233421.0;535564.0;2027-06-01;actif
493;2025-07-01;Mukendi11;Jean118;1668655.0;10.0%;7 mois;97338.0;1765993.0;737290.0;1028703.0;2027-06-01;actif
495;2025-07-01;Mukendi11;Jean118;1526189.0;10.0%;3 mois;38154.0;1564343.0;657776.0;906567.0;2027-06-01;actif
100;2025-07-01;Mukendi11;Jean119;1729860.0;10.0%;4 mois;57662.0;1787522.0;378458.0;1409064.0;2026-01-15;en_retard
287;2025-07-01;Mukendi11;Jean119;1914757.0;10.0%;4 mois;63825.0;1978582.0;108111.0;1870471.0;2026-01-15;en_retard
357;2025-07-01;Mukendi12;Jean120;1372595.0;10.0%;5 mois;57191.0;1429786.0;664469.0;765317.0;2027-06-01;actif
360;2025-07-01;Mukendi12;Jean120;1002179.0;10.0%;18 mois;150326.0;1152505.0;347617.0;804888.0;2027-06-01;actif
470;2025-07-01;Mukendi12;Jean120;1277027.0;10.0%;18 mois;191554.0;1468581.0;56978.0;1411603.0;2027-06-01;actif
23;2025-07-01;Mukendi12;Jean121;1200148.0;10.0%;4 mois;40004.0;1240152.0;27645.0;1212507.0;2026-01-15;en_retard
30;2025-07-01;Mukendi12;Jean121;1029775.0;10.0%;11 mois;94396.0;1124171.0;466453.0;657718.0;2026-01-15;en_retard
198;2025-07-01;Mukendi12;Jean121;338385.0;10.0%;8 mois;22559.0;360944.0;50661.0;310283.0;2026-01-15;en_retard
459;2025-07-01;Mukendi12;Jean121;1093364.0;10.0%;8 mois;72890.0;1166254.0;167520.0;998734.0;2027-06-01;actif
481;2025-07-01;Mukendi12;Jean121;1805293.0;10.0%;17 mois;255749.0;2061042.0;292731.0;1768311.0;2027-06-01;actif
39;2025-07-01;Mukendi12;Jean122;678328.0;10.0%;3 mois;16958.0;695286.0;225672.0;469614.0;2026-01-15;en_retard
263;2025-07-01;Mukendi12;Jean122;1971333.0;10.0%;18 mois;295699.0;2267032.0;74571.0;2192461.0;2026-01-15;en_retard
487;2025-07-01;Mukendi12;Jean122;1748098.0;10.0%;6 mois;87404.0;1835502.0;474419.0;1361083.0;2027-06-01;actif
491;2025-07-01;Mukendi12;Jean122;1453069.0;10.0%;12 mois;145306.0;1598375.0;169662.0;1428713.0;2027-06-01;actif
67;2025-07-01;Mukendi12;Jean123;1389073.0;10.0%;12 mois;138907.0;1527980.0;208376.0;1319604.0;2026-01-15;en_retard
162;2025-07-01;Mukendi12;Jean123;1356613.0;10.0%;7 mois;79135.0;1435748.0;700722.0;735026.0;2026-01-15;en_retard
282;2025-07-01;Mukendi12;Jean123;1586040.0;10.0%;12 mois;158604.0;1744644.0;813205.0;931439.0;2026-01-15;en_retard
415;2025-07-01;Mukendi12;Jean123;304182.0;10.0%;14 mois;35487.0;339669.0;87409.0;252260.0;2027-06-01;actif
77;2025-07-01;Mukendi12;Jean124;537954.0;10.0%;13 mois;58278.0;596232.0;292736.0;303496.0;2026-01-15;en_retard
130;2025-07-01;Mukendi12;Jean124;1781629.0;10.0%;6 mois;89081.0;1870710.0;624145.0;1246565.0;2026-01-15;en_retard
170;2025-07-01;Mukendi12;Jean124;1867754.0;10.0%;5 mois;77823.0;1945577.0;195472.0;1750105.0;2026-01-15;en_retard
310;2025-07-01;Mukendi12;Jean124;113468.0;10.0%;5 mois;4727.0;118195.0;31151.0;87044.0;2027-06-01;actif
50;2025-07-01;Mukendi12;Jean125;443823.0;10.0%;13 mois;48080.0;491903.0;5084.0;486819.0;2026-01-15;en_retard
82;2025-07-01;Mukendi12;Jean125;447988.0;10.0%;8 mois;29865.0;477853.0;142506.0;335347.0;2026-01-15;en_retard
97;2025-07-01;Mukendi12;Jean125;1152727.0;10.0%;11 mois;105666.0;1258393.0;51470.0;1206923.0;2026-01-15;en_retard
325;2025-07-01;Mukendi12;Jean126;1402640.0;10.0%;4 mois;46754.0;1449394.0;94930.0;1354464.0;2027-06-01;actif
488;2025-07-01;Mukendi12;Jean126;554389.0;10.0%;5 mois;23099.0;577488.0;6513.0;570975.0;2027-06-01;actif
56;2025-07-01;Mukendi12;Jean127;828876.0;10.0%;17 mois;117424.0;946300.0;365394.0;580906.0;2026-01-15;en_retard
230;2025-07-01;Mukendi12;Jean127;1189804.0;10.0%;3 mois;29745.0;1219549.0;517437.0;702112.0;2026-01-15;en_retard
275;2025-07-01;Mukendi12;Jean127;1889304.0;10.0%;10 mois;157442.0;2046746.0;389633.0;1657113.0;2026-01-15;en_retard
350;2025-07-01;Mukendi12;Jean127;1825876.0;10.0%;10 mois;152156.0;1978032.0;746722.0;1231310.0;2027-06-01;actif
436;2025-07-01;Mukendi12;Jean127;1297758.0;10.0%;10 mois;108146.0;1405904.0;66175.0;1339729.0;2027-06-01;actif
137;2025-07-01;Mukendi12;Jean128;1513326.0;10.0%;10 mois;126110.0;1639436.0;160639.0;1478797.0;2026-01-15;en_retard
144;2025-07-01;Mukendi12;Jean128;961193.0;10.0%;7 mois;56069.0;1017262.0;399524.0;617738.0;2026-01-15;en_retard
176;2025-07-01;Mukendi12;Jean128;628558.0;10.0%;4 mois;20951.0;649509.0;135098.0;514411.0;2026-01-15;en_retard
196;2025-07-01;Mukendi12;Jean128;1824480.0;10.0%;18 mois;273672.0;2098152.0;784249.0;1313903.0;2026-01-15;en_retard
214;2025-07-01;Mukendi12;Jean128;287338.0;10.0%;8 mois;19155.0;306493.0;143237.0;163256.0;2026-01-15;en_retard
351;2025-07-01;Mukendi12;Jean128;614659.0;10.0%;16 mois;81954.0;696613.0;286348.0;410265.0;2027-06-01;actif
87;2025-07-01;Mukendi12;Jean129;844911.0;10.0%;8 mois;56327.0;901238.0;9814.0;891424.0;2026-01-15;en_retard
280;2025-07-01;Mukendi12;Jean129;102292.0;10.0%;18 mois;15343.0;117635.0;32771.0;84864.0;2026-01-15;en_retard
486;2025-07-01;Mukendi12;Jean129;120507.0;10.0%;16 mois;16067.0;136574.0;51684.0;84890.0;2027-06-01;actif
123;2025-07-01;Mukendi13;Jean130;1216694.0;10.0%;7 mois;70973.0;1287667.0;98867.0;1188800.0;2026-01-15;en_retard
222;2025-07-01;Mukendi13;Jean130;1333609.0;10.0%;8 mois;88907.0;1422516.0;397073.0;1025443.0;2026-01-15;en_retard
333;2025-07-01;Mukendi13;Jean130;897663.0;10.0%;7 mois;52363.0;950026.0;446958.0;503068.0;2027-06-01;actif
294;2025-07-01;Mukendi13;Jean131;264696.0;10.0%;9 mois;19852.0;284548.0;142220.0;142328.0;2026-01-15;en_retard
356;2025-07-01;Mukendi13;Jean132;214069.0;10.0%;5 mois;8919.0;222988.0;32142.0;190846.0;2027-06-01;actif
18;2025-07-01;Mukendi13;Jean133;994323.0;10.0%;16 mois;132576.0;1126899.0;175445.0;951454.0;2026-01-15;en_retard
37;2025-07-01;Mukendi13;Jean133;1759975.0;10.0%;7 mois;102665.0;1862640.0;360589.0;1502051.0;2026-01-15;en_retard
267;2025-07-01;Mukendi13;Jean133;677769.0;10.0%;13 mois;73424.0;751193.0;291072.0;460121.0;2026-01-15;en_retard
288;2025-07-01;Mukendi13;Jean133;1656796.0;10.0%;12 mois;165679.0;1822475.0;23572.0;1798903.0;2026-01-15;en_retard
28;2025-07-01;Mukendi13;Jean134;1808499.0;10.0%;8 mois;120566.0;1929065.0;29959.0;1899106.0;2026-01-15;en_retard
90;2025-07-01;Mukendi13;Jean134;1482824.0;10.0%;18 mois;222423.0;1705247.0;802930.0;902317.0;2026-01-15;en_retard
147;2025-07-01;Mukendi13;Jean134;566414.0;10.0%;10 mois;47201.0;613615.0;37562.0;576053.0;2026-01-15;en_retard
221;2025-07-01;Mukendi13;Jean134;1533271.0;10.0%;15 mois;191658.0;1724929.0;762182.0;962747.0;2026-01-15;en_retard
246;2025-07-01;Mukendi13;Jean134;917713.0;10.0%;9 mois;68828.0;986541.0;364815.0;621726.0;2026-01-15;en_retard
250;2025-07-01;Mukendi13;Jean134;1256161.0;10.0%;14 mois;146552.0;1402713.0;136014.0;1266699.0;2026-01-15;en_retard
277;2025-07-01;Mukendi13;Jean134;684007.0;10.0%;8 mois;45600.0;729607.0;58841.0;670766.0;2026-01-15;en_retard
355;2025-07-01;Mukendi13;Jean134;1852188.0;10.0%;11 mois;169783.0;2021971.0;487521.0;1534450.0;2027-06-01;actif
381;2025-07-01;Mukendi13;Jean135;1875104.0;10.0%;16 mois;250013.0;2125117.0;24878.0;2100239.0;2027-06-01;actif
33;2025-07-01;Mukendi13;Jean136;699406.0;10.0%;14 mois;81597.0;781003.0;252524.0;528479.0;2026-01-15;en_retard
304;2025-07-01;Mukendi13;Jean136;214722.0;10.0%;17 mois;30418.0;245140.0;74421.0;170719.0;2027-06-01;actif
315;2025-07-01;Mukendi13;Jean136;1016734.0;10.0%;15 mois;127091.0;1143825.0;433525.0;710300.0;2027-06-01;actif
329;2025-07-01;Mukendi13;Jean136;661326.0;10.0%;15 mois;82665.0;743991.0;322737.0;421254.0;2027-06-01;actif
384;2025-07-01;Mukendi13;Jean136;1386775.0;10.0%;14 mois;161790.0;1548565.0;452760.0;1095805.0;2027-06-01;actif
425;2025-07-01;Mukendi13;Jean136;1799549.0;10.0%;17 mois;254936.0;2054485.0;1013526.0;1040959.0;2027-06-01;actif
265;2025-07-01;Mukendi13;Jean137;1928898.0;10.0%;13 mois;208963.0;2137861.0;969870.0;1167991.0;2026-01-15;en_retard
268;2025-07-01;Mukendi13;Jean137;89255.0;10.0%;9 mois;6694.0;95949.0;37840.0;58109.0;2026-01-15;en_retard
463;2025-07-01;Mukendi13;Jean137;418863.0;10.0%;8 mois;27924.0;446787.0;205912.0;240875.0;2027-06-01;actif
34;2025-07-01;Mukendi13;Jean138;526322.0;10.0%;5 mois;21930.0;548252.0;231662.0;316590.0;2026-01-15;en_retard
86;2025-07-01;Mukendi13;Jean138;819891.0;10.0%;17 mois;116151.0;936042.0;377.0;935665.0;2026-01-15;en_retard
183;2025-07-01;Mukendi13;Jean138;326346.0;10.0%;9 mois;24475.0;350821.0;171041.0;179780.0;2026-01-15;en_retard
358;2025-07-01;Mukendi13;Jean138;1723733.0;10.0%;12 mois;172373.0;1896106.0;642818.0;1253288.0;2027-06-01;actif
456;2025-07-01;Mukendi13;Jean138;1114390.0;10.0%;10 mois;92865.0;1207255.0;486765.0;720490.0;2027-06-01;actif
498;2025-07-01;Mukendi13;Jean138;1256343.0;10.0%;9 mois;94225.0;1350568.0;84891.0;1265677.0;2027-06-01;actif
59;2025-07-01;Mukendi13;Jean139;1035969.0;10.0%;8 mois;69064.0;1105033.0;201528.0;903505.0;2026-01-15;en_retard
161;2025-07-01;Mukendi13;Jean139;1147368.0;10.0%;11 mois;105175.0;1252543.0;575458.0;677085.0;2026-01-15;en_retard
41;2025-07-01;Mukendi14;Jean140;833588.0;10.0%;9 mois;62519.0;896107.0;215868.0;680239.0;2026-01-15;en_retard
66;2025-07-01;Mukendi14;Jean140;1142461.0;10.0%;6 mois;57123.0;1199584.0;265617.0;933967.0;2026-01-15;en_retard
117;2025-07-01;Mukendi14;Jean140;1992270.0;10.0%;11 mois;182624.0;2174894.0;754992.0;1419902.0;2026-01-15;en_retard
223;2025-07-01;Mukendi14;Jean140;848190.0;10.0%;4 mois;28273.0;876463.0;402789.0;473674.0;2026-01-15;en_retard
244;2025-07-01;Mukendi14;Jean140;186159.0;10.0%;12 mois;18615.0;204774.0;61710.0;143064.0;2026-01-15;en_retard
259;2025-07-01;Mukendi14;Jean140;729317.0;10.0%;3 mois;18232.0;747549.0;59683.0;687866.0;2026-01-15;en_retard
389;2025-07-01;Mukendi14;Jean140;72183.0;10.0%;3 mois;1804.0;73987.0;4453.0;69534.0;2027-06-01;actif
84;2025-07-01;Mukendi14;Jean141;386264.0;10.0%;5 mois;16094.0;402358.0;139234.0;263124.0;2026-01-15;en_retard
91;2025-07-01;Mukendi14;Jean141;373237.0;10.0%;12 mois;37323.0;410560.0;84567.0;325993.0;2026-01-15;en_retard
101;2025-07-01;Mukendi14;Jean142;1609185.0;10.0%;16 mois;214558.0;1823743.0;861957.0;961786.0;2026-01-15;en_retard
108;2025-07-01;Mukendi14;Jean142;920705.0;10.0%;6 mois;46035.0;966740.0;401753.0;564987.0;2026-01-15;en_retard
209;2025-07-01;Mukendi14;Jean142;862432.0;10.0%;4 mois;28747.0;891179.0;99536.0;791643.0;2026-01-15;en_retard
341;2025-07-01;Mukendi14;Jean142;856554.0;10.0%;14 mois;99931.0;956485.0;440382.0;516103.0;2027-06-01;actif
42;2025-07-01;Mukendi14;Jean143;966678.0;10.0%;15 mois;120834.0;1087512.0;262035.0;825477.0;2026-01-15;en_retard
251;2025-07-01;Mukendi14;Jean144;1091019.0;10.0%;18 mois;163652.0;1254671.0;516428.0;738243.0;2026-01-15;en_retard
261;2025-07-01;Mukendi14;Jean145;1341831.0;10.0%;3 mois;33545.0;1375376.0;184160.0;1191216.0;2026-01-15;en_retard
319;2025-07-01;Mukendi14;Jean145;1701143.0;10.0%;13 mois;184290.0;1885433.0;570977.0;1314456.0;2027-06-01;actif
353;2025-07-01;Mukendi14;Jean145;1063486.0;10.0%;14 mois;124073.0;1187559.0;118661.0;1068898.0;2027-06-01;actif
142;2025-07-01;Mukendi14;Jean146;1613038.0;10.0%;4 mois;53767.0;1666805.0;574779.0;1092026.0;2026-01-15;en_retard
206;2025-07-01;Mukendi14;Jean146;1295301.0;10.0%;4 mois;43176.0;1338477.0;545940.0;792537.0;2026-01-15;en_retard
240;2025-07-01;Mukendi14;Jean146;1701103.0;10.0%;8 mois;113406.0;1814509.0;477456.0;1337053.0;2026-01-15;en_retard
248;2025-07-01;Mukendi14;Jean146;1580351.0;10.0%;5 mois;65847.0;1646198.0;507157.0;1139041.0;2026-01-15;en_retard
321;2025-07-01;Mukendi14;Jean146;1804788.0;10.0%;18 mois;270718.0;2075506.0;119876.0;1955630.0;2027-06-01;actif
408;2025-07-01;Mukendi14;Jean146;1575772.0;10.0%;11 mois;144445.0;1720217.0;814992.0;905225.0;2027-06-01;actif
109;2025-07-01;Mukendi14;Jean147;800703.0;10.0%;17 mois;113432.0;914135.0;368338.0;545797.0;2026-01-15;en_retard
139;2025-07-01;Mukendi14;Jean147;1108494.0;10.0%;5 mois;46187.0;1154681.0;232873.0;921808.0;2026-01-15;en_retard
149;2025-07-01;Mukendi14;Jean147;237893.0;10.0%;6 mois;11894.0;249787.0;88047.0;161740.0;2026-01-15;en_retard
237;2025-07-01;Mukendi14;Jean147;1807443.0;10.0%;12 mois;180744.0;1988187.0;347195.0;1640992.0;2026-01-15;en_retard
289;2025-07-01;Mukendi14;Jean147;1640676.0;10.0%;12 mois;164067.0;1804743.0;669883.0;1134860.0;2026-01-15;en_retard
313;2025-07-01;Mukendi14;Jean147;317164.0;10.0%;6 mois;15858.0;333022.0;106348.0;226674.0;2027-06-01;actif
330;2025-07-01;Mukendi14;Jean147;987762.0;10.0%;9 mois;74082.0;1061844.0;215651.0;846193.0;2027-06-01;actif
352;2025-07-01;Mukendi14;Jean147;819591.0;10.0%;4 mois;27319.0;846910.0;19852.0;827058.0;2027-06-01;actif
376;2025-07-01;Mukendi14;Jean147;1590066.0;10.0%;14 mois;185507.0;1775573.0;56964.0;1718609.0;2027-06-01;actif
412;2025-07-01;Mukendi14;Jean147;57767.0;10.0%;18 mois;8665.0;66432.0;31335.0;35097.0;2027-06-01;actif
439;2025-07-01;Mukendi14;Jean147;1194803.0;10.0%;7 mois;69696.0;1264499.0;337211.0;927288.0;2027-06-01;actif
241;2025-07-01;Mukendi14;Jean148;805370.0;10.0%;4 mois;26845.0;832215.0;48824.0;783391.0;2026-01-15;en_retard
327;2025-07-01;Mukendi14;Jean148;1944265.0;10.0%;3 mois;48606.0;1992871.0;793853.0;1199018.0;2027-06-01;actif
354;2025-07-01;Mukendi14;Jean148;1059847.0;10.0%;5 mois;44160.0;1104007.0;148989.0;955018.0;2027-06-01;actif
466;2025-07-01;Mukendi14;Jean148;733613.0;10.0%;16 mois;97815.0;831428.0;104202.0;727226.0;2027-06-01;actif
484;2025-07-01;Mukendi14;Jean148;516420.0;10.0%;7 mois;30124.0;546544.0;2662.0;543882.0;2027-06-01;actif
71;2025-07-01;Mukendi14;Jean149;300923.0;10.0%;15 mois;37615.0;338538.0;63724.0;274814.0;2026-01-15;en_retard
