ID;Date;Nom;Prénom;Type;Montant FC;Description;Annulé
360;2025-12-28;Mukendi95;Jean95;ordinaire;73684.0;;Non
339;2025-12-28;Mukendi98;Jean98;solidarite;38243.0;;Non
497;2025-12-28;Mukendi10;Jean101;ordinaire;65930.0;;Non
967;2025-12-28;Mukendi11;Jean116;solidarite;36629.0;;Non
463;2025-12-27;Mukendi41;Jean41;urgence;52505.0;;Non
170;2025-12-27;Mukendi42;Jean42;urgence;41319.0;;Non
775;2025-12-27;Mukendi66;Jean66;solidarite;42288.0;;Non
344;2025-12-27;Mukendi84;Jean84;urgence;17750.0;;Non
1021;2025-12-26;Mukendi64;Jean64;ordinaire;20192.0;;Non
386;2025-12-25;Mukendi46;Jean46;ordinaire;18675.0;;Non
767;2025-12-24;Mukendi0;Jean0;solidarite;87154.0;;Non
106;2025-12-24;Mukendi99;Jean99;urgence;55921.0;;Non
27;2025-12-24;Mukendi11;Jean116;solidarite;38388.0;;Non
72;2025-12-24;Mukendi13;Jean133;urgence;71575.0;;Non
250;2025-12-24;Mukendi13;Jean138;urgence;55935.0;;Non
1119;2025-12-24;Mukendi14;Jean144;ordinaire;84574.0;;Non
823;2025-12-23;Mukendi44;Jean44;solidarite;50595.0;;Non
481;2025-12-23;Mukendi73;Jean73;ordinaire;93392.0;;Non
415;2025-12-23;Mukendi74;Jean74;ordinaire;40315.0;;Non
977;2025-12-23;Mukendi86;Jean86;urgence;69039.0;;Non
810;2025-12-23;Mukendi91;Jean91;ordinaire;78537.0;;Non
7;2025-12-23;Mukendi10;Jean108;urgence;28760.0;;Non
911;2025-12-23;Mukendi14;Jean146;solidarite;25892.0;;Non
382;2025-12-22;Mukendi17;Jean17;ordinaire;46193.0;;Non
401;2025-12-22;Mukendi10;Jean103;urgence;48619.0;;Non
242;2025-12-22;Mukendi11;Jean116;urgence;49311.0;;Non
755;2025-12-21;Mukendi9;Jean9;urgence;73465.0;;Non
1014;2025-12-21;Mukendi45;Jean45;urgence;67046.0;;Non
1029;2025-12-21;Mukendi57;Jean57;urgence;84071.0;;Non
905;2025-12-21;Mukendi70;Jean70;urgence;35229.0;;Non
762;2025-12-20;Mukendi74;Jean74;solidarite;74899.0;;Non
1061;2025-12-20;Mukendi13;Jean136;urgence;1773.0;;Non
522;2025-12-19;Mukendi29;Jean29;ordinaire;90167.0;;Non
1077;2025-12-19;Mukendi64;Jean64;ordinaire;13871.0;;Non
465;2025-12-19;Mukendi13;Jean130;solidarite;70774.0;;Non
642;2025-12-19;Mukendi13;Jean132;urgence;74137.0;;Non
116;2025-12-18;Mukendi20;Jean20;ordinaire;62644.0;;Non
146;2025-12-18;Mukendi49;Jean49;ordinaire;42359.0;;Non
843;2025-12-18;Mukendi52;Jean52;solidarite;25901.0;;Non
349;2025-12-17;Mukendi25;Jean25;urgence;67543.0;;Non
130;2025-12-17;Mukendi39;Jean39;ordinaire;58080.0;;Non
1132;2025-12-17;Mukendi10;Jean107;ordinaire;49546.0;;Non
385;2025-12-16;Mukendi44;Jean44;solidarite;90742.0;;Non
147;2025-12-16;Mukendi47;Jean47;ordinaire;26105.0;;Non
420;2025-12-16;Mukendi79;Jean79;urgence;53187.0;;Non
368;2025-12-16;Mukendi12;Jean120;ordinaire;92235.0;;Non
571;2025-12-16;Mukendi12;Jean125;urgence;95838.0;;Non
564;2025-12-16;Mukendi12;Jean127;ordinaire;62080.0;;Non
697;2025-12-15;Mukendi0;Jean0;ordinaire;97039.0;;Non
648;2025-12-15;Mukendi24;Jean24;urgence;58431.0;;Non
502;2025-12-15;Mukendi28;Jean28;ordinaire;44343.0;;Non
334;2025-12-15;Mukendi44;Jean44;ordinaire;6130.0;;Non
879;2025-12-15;Mukendi58;Jean58;solidarite;18614.0;;Non
144;2025-12-15;Mukendi14;Jean140;solidarite;44357.0;;Non
633;2025-12-14;Mukendi64;Jean64;ordinaire;87332.0;;Non
264;2025-12-14;Mukendi67;Jean67;ordinaire;7868.0;;Non
549;2025-12-14;Mukendi97;Jean97;solidarite;69742.0;;Non
394;2025-12-14;Mukendi13;Jean132;ordinaire;35959.0;;Non
953;2025-12-14;Mukendi13;Jean133;solidarite;27433.0;;Non
1152;2025-12-13;Mukendi20;Jean20;ordinaire;80826.0;;Non
734;2025-12-13;Mukendi12;Jean128;solidarite;55451.0;;Non
281;2025-12-12;Mukendi11;Jean110;urgence;13656.0;;Non
19;2025-12-11;Mukendi25;Jean25;solidarite;8944.0;;Non
691;2025-12-11;Mukendi33;Jean33;ordinaire;33725.0;;Non
445;2025-12-11;Mukendi40;Jean40;urgence;43917.0;;Non
712;2025-12-11;Mukendi11;Jean113;ordinaire;2217.0;;Non
246;2025-12-10;Mukendi16;Jean16;solidarite;84283.0;;Non
214;2025-12-10;Mukendi25;Jean25;ordinaire;59153.0;;Non
43;2025-12-10;Mukendi40;Jean40;urgence;58433.0;;Non
98;2025-12-10;Mukendi70;Jean70;ordinaire;58654.0;;Non
1025;2025-12-10;Mukendi99;Jean99;urgence;32142.0;;Non
76;2025-12-10;Mukendi10;Jean104;solidarite;43753.0;;Non
695;2025-12-09;Mukendi23;Jean23;urgence;53802.0;;Non
915;2025-12-09;Mukendi24;Jean24;ordinaire;62706.0;;Non
978;2025-12-08;Mukendi24;Jean24;urgence;57734.0;;Non
1146;2025-12-08;Mukendi35;Jean35;ordinaire;87413.0;;Non
718;2025-12-07;Mukendi42;Jean42;solidarite;58684.0;;Non
624;2025-12-07;Mukendi76;Jean76;urgence;43030.0;;Non
656;2025-12-07;Mukendi10;Jean109;ordinaire;51965.0;;Non
547;2025-12-06;Mukendi15;Jean15;urgence;73970.0;;Non
408;2025-12-06;Mukendi63;Jean63;ordinaire;15869.0;;Non
53;2025-12-05;Mukendi2;Jean2;ordinaire;15663.0;;Non
566;2025-12-05;Mukendi11;Jean11;ordinaire;74731.0;;Non
665;2025-12-05;Mukendi29;Jean29;solidarite;24992.0;;Non
743;2025-12-05;Mukendi44;Jean44;ordinaire;16655.0;;Non
946;2025-12-05;Mukendi14;Jean140;solidarite;34126.0;;Non
58;2025-12-05;Mukendi14;Jean143;urgence;54264.0;;Non
746;2025-12-04;Mukendi32;Jean32;solidarite;99274.0;;Non
61;2025-12-04;Mukendi63;Jean63;ordinaire;35970.0;;Non
513;2025-12-04;Mukendi12;Jean128;solidarite;93216.0;;Non
958;2025-12-04;Mukendi13;Jean130;urgence;10836.0;;Non
528;2025-12-03;Mukendi11;Jean11;solidarite;56534.0;;Non
892;2025-12-03;Mukendi41;Jean41;urgence;34903.0;;Non
342;2025-12-03;Mukendi10;Jean100;urgence;17901.0;;Non
807;2025-12-02;Mukendi61;Jean61;urgence;35934.0;;Non
437;2025-12-02;Mukendi76;Jean76;ordinaire;60446.0;;Non
284;2025-12-02;Mukendi90;Jean90;solidarite;88207.0;;Non
18;2025-12-02;Mukendi10;Jean108;solidarite;54883.0;;Non
330;2025-12-02;Mukendi11;Jean118;urgence;77064.0;;Non
469;2025-12-02;Mukendi14;Jean148;ordinaire;76711.0;;Non
824;2025-12-01;Mukendi75;Jean75;ordinaire;17691.0;;Non
908;2025-12-01;Mukendi81;Jean81;ordinaire;90228.0;;Non
1097;2025-11-28;Mukendi45;Jean45;urgence;75233.0;;Non
261;2025-11-28;Mukendi64;Jean64;ordinaire;23871.0;;Non
74;2025-11-28;Mukendi84;Jean84;solidarite;82678.0;;Non
1072;2025-11-28;Mukendi88;Jean88;solidarite;28752.0;;Non
858;2025-11-28;Mukendi13;Jean133;urgence;55870.0;;Non
1103;2025-11-27;Mukendi26;Jean26;urgence;93240.0;;Non
192;2025-11-27;Mukendi29;Jean29;ordinaire;61482.0;;Non
319;2025-11-27;Mukendi89;Jean89;urgence;47019.0;;Non
290;2025-11-27;Mukendi14;Jean142;urgence;4441.0;;Non
176;2025-11-27;Mukendi14;Jean147;ordinaire;77955.0;;Non
995;2025-11-26;Mukendi0;Jean0;solidarite;45742.0;;Non
702;2025-11-26;Mukendi12;Jean12;ordinaire;7021.0;;Non
912;2025-11-26;Mukendi56;Jean56;urgence;90957.0;;Non
343;2025-11-26;Mukendi79;Jean79;solidarite;74259.0;;Non
694;2025-11-26;Mukendi96;Jean96;ordinaire;60243.0;;Non
217;2025-11-26;Mukendi13;Jean135;urgence;55008.0;;Non
1052;2025-11-25;Mukendi16;Jean16;urgence;28627.0;;Non
835;2025-11-25;Mukendi25;Jean25;urgence;63847.0;;Non
231;2025-11-25;Mukendi48;Jean48;solidarite;82381.0;;Non
504;2025-11-25;Mukendi86;Jean86;urgence;39669.0;;Non
478;2025-11-25;Mukendi87;Jean87;solidarite;72601.0;;Non
701;2025-11-25;Mukendi14;Jean144;solidarite;64614.0;;Non
239;2025-11-24;Mukendi19;Jean19;ordinaire;19449.0;;Non
829;2025-11-24;Mukendi22;Jean22;urgence;93925.0;;Non
1175;2025-11-24;Mukendi73;Jean73;solidarite;13190.0;;Non
742;2025-11-24;Mukendi79;Jean79;urgence;88304.0;;Non
1023;2025-11-24;Mukendi11;Jean115;urgence;14432.0;;Non
213;2025-11-23;Mukendi23;Jean23;ordinaire;57881.0;;Non
341;2025-11-23;Mukendi36;Jean36;solidarite;46851.0;;Non
37;2025-11-23;Mukendi80;Jean80;ordinaire;35179.0;;Non
1172;2025-11-23;Mukendi97;Jean97;ordinaire;84055.0;;Non
1016;2025-11-23;Mukendi12;Jean122;urgence;77389.0;;Non
210;2025-11-23;Mukendi13;Jean136;solidarite;50808.0;;Non
1182;2025-11-22;Mukendi27;Jean27;ordinaire;16712.0;;Non
716;2025-11-22;Mukendi35;Jean35;ordinaire;51164.0;;Non
578;2025-11-22;Mukendi95;Jean95;urgence;8923.0;;Non
532;2025-11-22;Mukendi96;Jean96;ordinaire;50236.0;;Non
738;2025-11-22;Mukendi10;Jean100;urgence;77865.0;;Non
302;2025-11-22;Mukendi11;Jean110;solidarite;15534.0;;Non
639;2025-11-21;Mukendi11;Jean11;urgence;74822.0;;Non
963;2025-11-21;Mukendi11;Jean11;ordinaire;2267.0;;Non
232;2025-11-21;Mukendi35;Jean35;ordinaire;83345.0;;Non
788;2025-11-21;Mukendi10;Jean102;urgence;49790.0;;Non
979;2025-11-21;Mukendi12;Jean123;urgence;46318.0;;Non
1006;2025-11-20;Mukendi32;Jean32;solidarite;14573.0;;Non
84;2025-11-20;Mukendi72;Jean72;urgence;68561.0;;Non
1045;2025-11-20;Mukendi88;Jean88;ordinaire;59414.0;;Non
189;2025-11-20;Mukendi12;Jean124;ordinaire;16915.0;;Non
456;2025-11-20;Mukendi14;Jean140;urgence;37663.0;;Non
861;2025-11-20;Mukendi14;Jean146;urgence;68740.0;;Non
431;2025-11-20;Mukendi14;Jean148;ordinaire;21210.0;;Non
1002;2025-11-19;Mukendi31;Jean31;solidarite;60048.0;;Non
272;2025-11-19;Mukendi32;Jean32;urgence;37046.0;;Non
826;2025-11-19;Mukendi81;Jean81;ordinaire;81134.0;;Non
603;2025-11-19;Mukendi96;Jean96;ordinaire;57603.0;;Non
1001;2025-11-19;Mukendi10;Jean106;urgence;7094.0;;Non
323;2025-11-19;Mukendi14;Jean144;solidarite;76952.0;;Non
597;2025-11-18;Mukendi61;Jean61;solidarite;75277.0;;Non
23;2025-11-18;Mukendi14;Jean140;ordinaire;13833.0;;Non
1024;2025-11-18;Mukendi14;Jean143;urgence;30400.0;;Non
900;2025-11-17;Mukendi55;Jean55;solidarite;62171.0;;Non
489;2025-11-17;Mukendi61;Jean61;ordinaire;32779.0;;Non
975;2025-11-17;Mukendi80;Jean80;urgence;2620.0;;Non
820;2025-11-16;Mukendi40;Jean40;solidarite;96990.0;;Non
626;2025-11-16;Mukendi74;Jean74;urgence;97321.0;;Non
672;2025-11-16;Mukendi98;Jean98;urgence;74607.0;;Non
872;2025-11-16;Mukendi10;Jean105;solidarite;35620.0;;Non
450;2025-11-16;Mukendi12;Jean126;urgence;79317.0;;Non
719;2025-11-15;Mukendi38;Jean38;urgence;54963.0;;Non
582;2025-11-14;Mukendi4;Jean4;urgence;66826.0;;Non
299;2025-11-14;Mukendi20;Jean20;solidarite;36665.0;;Non
684;2025-11-14;Mukendi89;Jean89;urgence;94159.0;;Non
345;2025-11-14;Mukendi13;Jean134;urgence;13249.0;;Non
693;2025-11-14;Mukendi14;Jean147;solidarite;83890.0;;Non
123;2025-11-13;Mukendi6;Jean6;urgence;41888.0;;Non
505;2025-11-13;Mukendi49;Jean49;urgence;24002.0;;Non
436;2025-11-13;Mukendi77;Jean77;ordinaire;64300.0;;Non
134;2025-11-13;Mukendi11;Jean118;urgence;75691.0;;Non
1105;2025-11-13;Mukendi14;Jean145;solidarite;23786.0;;Non
615;2025-11-13;Mukendi14;Jean146;ordinaire;69302.0;;Non
243;2025-11-12;Mukendi67;Jean67;solidarite;77619.0;;Non
1068;2025-11-12;Mukendi76;Jean76;urgence;89773.0;;Non
904;2025-11-11;Mukendi16;Jean16;solidarite;45077.0;;Non
1102;2025-11-11;Mukendi11;Jean116;ordinaire;7086.0;;Non
1037;2025-11-10;Mukendi13;Jean13;urgence;82968.0;;Non
325;2025-11-10;Mukendi17;Jean17;solidarite;62462.0;;Non
781;2025-11-10;Mukendi30;Jean30;ordinaire;12851.0;;Non
724;2025-11-10;Mukendi72;Jean72;ordinaire;91502.0;;Non
85;2025-11-10;Mukendi85;Jean85;ordinaire;13240.0;;Non
429;2025-11-10;Mukendi14;Jean141;ordinaire;36972.0;;Non
486;2025-11-09;Mukendi20;Jean20;solidarite;46398.0;;Non
1110;2025-11-09;Mukendi58;Jean58;urgence;11104.0;;Non
593;2025-11-09;Mukendi69;Jean69;ordinaire;7102.0;;Non
898;2025-11-09;Mukendi78;Jean78;urgence;94420.0;;Non
407;2025-11-09;Mukendi93;Jean93;solidarite;53171.0;;Non
601;2025-11-09;Mukendi10;Jean101;ordinaire;43778.0;;Non
97;2025-11-08;Mukendi70;Jean70;solidarite;69327.0;;Non
1095;2025-11-08;Mukendi93;Jean93;ordinaire;66820.0;;Non
994;2025-11-08;Mukendi11;Jean115;ordinaire;15945.0;;Non
894;2025-11-08;Mukendi14;Jean146;ordinaire;29091.0;;Non
256;2025-11-07;Mukendi31;Jean31;ordinaire;60600.0;;Non
707;2025-11-06;Mukendi21;Jean21;urgence;49738.0;;Non
653;2025-11-06;Mukendi11;Jean118;solidarite;31389.0;;Non
430;2025-11-06;Mukendi13;Jean136;urgence;13245.0;;Non
606;2025-11-05;Mukendi39;Jean39;urgence;50807.0;;Non
1013;2025-11-05;Mukendi74;Jean74;solidarite;90995.0;;Non
1067;2025-11-05;Mukendi10;Jean100;solidarite;72529.0;;Non
690;2025-11-05;Mukendi10;Jean105;solidarite;8770.0;;Non
937;2025-11-05;Mukendi13;Jean134;solidarite;45280.0;;Non
650;2025-11-04;Mukendi29;Jean29;solidarite;3960.0;;Non
855;2025-11-04;Mukendi38;Jean38;urgence;99596.0;;Non
878;2025-11-04;Mukendi71;Jean71;urgence;65437.0;;Non
1060;2025-11-04;Mukendi80;Jean80;solidarite;3213.0;;Non
117;2025-11-03;Mukendi13;Jean13;ordinaire;46870.0;;Non
377;2025-11-03;Mukendi10;Jean106;urgence;25551.0;;Non
83;2025-11-03;Mukendi12;Jean121;ordinaire;97463.0;;Non
1076;2025-11-03;Mukendi14;Jean140;solidarite;10587.0;;Non
1157;2025-11-02;Mukendi59;Jean59;ordinaire;81634.0;;Non
494;2025-11-02;Mukendi73;Jean73;solidarite;43096.0;;Non
1019;2025-11-02;Mukendi97;Jean97;ordinaire;20048.0;;Non
1149;2025-11-01;Mukendi13;Jean13;solidarite;22068.0;;Non
1089;2025-11-01;Mukendi19;Jean19;urgence;3441.0;;Non
947;2025-11-01;Mukendi52;Jean52;urgence;92120.0;;Non
221;2025-11-01;Mukendi65;Jean65;solidarite;61236.0;;Non
1065;2025-11-01;Mukendi11;Jean112;solidarite;50992.0;;Non
268;2025-11-01;Mukendi13;Jean133;solidarite;40535.0;;Non
932;2025-11-01;Mukendi13;Jean135;ordinaire;25979.0;;Non
589;2025-11-01;Mukendi14;Jean141;ordinaire;63390.0;;Non
228;2025-10-28;Mukendi10;Jean101;ordinaire;36976.0;;Non
1170;2025-10-28;Mukendi11;Jean117;solidarite;90337.0;;Non
94;2025-10-27;Mukendi81;Jean81;solidarite;99992.0;;Non
822;2025-10-27;Mukendi91;Jean91;urgence;30260.0;;Non
1122;2025-10-27;Mukendi10;Jean105;ordinaire;79753.0;;Non
612;2025-10-26;Mukendi14;Jean141;urgence;13198.0;;Non
544;2025-10-25;Mukendi14;Jean147;urgence;42799.0;;Non
557;2025-10-24;Mukendi10;Jean10;ordinaire;10539.0;;Non
1012;2025-10-23;Mukendi55;Jean55;ordinaire;27330.0;;Non
683;2025-10-23;Mukendi60;Jean60;urgence;28509.0;;Non
397;2025-10-23;Mukendi75;Jean75;solidarite;41173.0;;Non
910;2025-10-23;Mukendi99;Jean99;ordinaire;97564.0;;Non
949;2025-10-23;Mukendi13;Jean133;urgence;36386.0;;Non
111;2025-10-22;Mukendi6;Jean6;urgence;52645.0;;Non
340;2025-10-22;Mukendi38;Jean38;ordinaire;44694.0;;Non
402;2025-10-22;Mukendi40;Jean40;ordinaire;5081.0;;Non
751;2025-10-22;Mukendi40;Jean40;ordinaire;34438.0;;Non
1197;2025-10-22;Mukendi46;Jean46;ordinaire;75895.0;;Non
167;2025-10-22;Mukendi59;Jean59;urgence;35675.0;;Non
483;2025-10-22;Mukendi70;Jean70;ordinaire;38721.0;;Non
748;2025-10-21;Mukendi16;Jean16;urgence;35465.0;;Non
434;2025-10-21;Mukendi53;Jean53;solidarite;75991.0;;Non
920;2025-10-20;Mukendi13;Jean13;urgence;84151.0;;Non
723;2025-10-20;Mukendi21;Jean21;urgence;33527.0;;Non
1128;2025-10-20;Mukendi24;Jean24;solidarite;24255.0;;Non
796;2025-10-20;Mukendi38;Jean38;urgence;5541.0;;Non
289;2025-10-20;Mukendi57;Jean57;urgence;57244.0;;Non
874;2025-10-20;Mukendi70;Jean70;ordinaire;53818.0;;Non
902;2025-10-20;Mukendi95;Jean95;urgence;74591.0;;Non
567;2025-10-19;Mukendi4;Jean4;urgence;35180.0;;Non
15;2025-10-19;Mukendi13;Jean138;urgence;18342.0;;Non
282;2025-10-18;Mukendi33;Jean33;ordinaire;73924.0;;Non
110;2025-10-18;Mukendi42;Jean42;ordinaire;62261.0;;Non
1104;2025-10-18;Mukendi70;Jean70;solidarite;98243.0;;Non
1130;2025-10-18;Mukendi12;Jean123;ordinaire;87427.0;;Non
54;2025-10-18;Mukendi13;Jean139;solidarite;5722.0;;Non
520;2025-10-18;Mukendi14;Jean140;ordinaire;67255.0;;Non
868;2025-10-17;Mukendi3;Jean3;urgence;92804.0;;Non
36;2025-10-17;Mukendi10;Jean107;urgence;87163.0;;Non
802;2025-10-17;Mukendi13;Jean139;solidarite;64527.0;;Non
1004;2025-10-16;Mukendi12;Jean12;solidarite;73512.0;;Non
970;2025-10-16;Mukendi40;Jean40;solidarite;14593.0;;Non
474;2025-10-16;Mukendi52;Jean52;urgence;54788.0;;Non
592;2025-10-16;Mukendi58;Jean58;urgence;28710.0;;Non
763;2025-10-16;Mukendi62;Jean62;solidarite;61807.0;;Non
634;2025-10-16;Mukendi96;Jean96;solidarite;10694.0;;Non
356;2025-10-15;Mukendi49;Jean49;urgence;49213.0;;Non
1150;2025-10-14;Mukendi23;Jean23;solidarite;20048.0;;Non
68;2025-10-14;Mukendi67;Jean67;ordinaire;6014.0;;Non
1070;2025-10-13;Mukendi10;Jean10;urgence;1659.0;;Non
202;2025-10-13;Mukendi48;Jean48;ordinaire;92422.0;;Non
311;2025-10-13;Mukendi80;Jean80;solidarite;76465.0;;Non
104;2025-10-13;Mukendi14;Jean149;ordinaire;92163.0;;Non
142;2025-10-12;Mukendi62;Jean62;urgence;41135.0;;Non
757;2025-10-12;Mukendi81;Jean81;ordinaire;36554.0;;Non
809;2025-10-11;Mukendi44;Jean44;ordinaire;24081.0;;Non
462;2025-10-11;Mukendi13;Jean131;solidarite;19321.0;;Non
157;2025-10-10;Mukendi13;Jean13;ordinaire;20887.0;;Non
223;2025-10-10;Mukendi18;Jean18;solidarite;58898.0;;Non
153;2025-10-10;Mukendi12;Jean125;ordinaire;14446.0;;Non
1177;2025-10-09;Mukendi80;Jean80;ordinaire;47338.0;;Non
34;2025-10-08;Mukendi60;Jean60;ordinaire;53923.0;;Non
159;2025-10-08;Mukendi10;Jean106;urgence;80471.0;;Non
628;2025-10-07;Mukendi10;Jean100;ordinaire;48843.0;;Non
998;2025-10-07;Mukendi10;Jean104;solidarite;15019.0;;Non
120;2025-10-07;Mukendi12;Jean121;ordinaire;88747.0;;Non
70;2025-10-07;Mukendi13;Jean130;solidarite;16157.0;;Non
1090;2025-10-07;Mukendi14;Jean148;solidarite;76877.0;;Non
662;2025-10-06;Mukendi89;Jean89;solidarite;47135.0;;Non
335;2025-10-06;Mukendi11;Jean112;urgence;69690.0;;Non
1114;2025-10-06;Mukendi12;Jean122;ordinaire;63786.0;;Non
1005;2025-10-06;Mukendi13;Jean130;urgence;24226.0;;Non
350;2025-10-05;Mukendi9;Jean9;solidarite;87760.0;;Non
700;2025-10-05;Mukendi72;Jean72;urgence;45270.0;;Non
595;2025-10-05;Mukendi80;Jean80;ordinaire;3052.0;;Non
623;2025-10-05;Mukendi85;Jean85;urgence;57441.0;;Non
358;2025-10-05;Mukendi10;Jean107;ordinaire;22241.0;;Non
666;2025-10-05;Mukendi13;Jean130;solidarite;51916.0;;Non
777;2025-10-04;Mukendi19;Jean19;ordinaire;27569.0;;Non
661;2025-10-04;Mukendi99;Jean99;solidarite;81125.0;;Non
266;2025-10-04;Mukendi11;Jean114;urgence;48453.0;;Non
527;2025-10-03;Mukendi0;Jean0;ordinaire;98754.0;;Non
1079;2025-10-03;Mukendi60;Jean60;solidarite;14113.0;;Non
211;2025-10-03;Mukendi12;Jean124;ordinaire;71912.0;;Non
421;2025-10-03;Mukendi13;Jean134;solidarite;54843.0;;Non
35;2025-10-03;Mukendi14;Jean148;ordinaire;78924.0;;Non
741;2025-10-02;Mukendi29;Jean29;urgence;60424.0;;Non
854;2025-10-02;Mukendi67;Jean67;solidarite;30654.0;;Non
404;2025-10-02;Mukendi93;Jean93;solidarite;48467.0;;Non
980;2025-10-02;Mukendi98;Jean98;urgence;20484.0;;Non
773;2025-10-02;Mukendi10;Jean100;urgence;10808.0;;Non
161;2025-10-02;Mukendi10;Jean109;urgence;41026.0;;Non
267;2025-10-02;Mukendi11;Jean115;ordinaire;67039.0;;Non
943;2025-10-02;Mukendi13;Jean136;ordinaire;82675.0;;Non
717;2025-10-01;Mukendi36;Jean36;urgence;9966.0;;Non
1164;2025-10-01;Mukendi49;Jean49;solidarite;60606.0;;Non
981;2025-09-28;Mukendi2;Jean2;ordinaire;85331.0;;Non
31;2025-09-28;Mukendi12;Jean12;solidarite;77569.0;;Non
1126;2025-09-28;Mukendi27;Jean27;ordinaire;3170.0;;Non
882;2025-09-28;Mukendi10;Jean104;solidarite;98117.0;;Non
1010;2025-09-28;Mukendi13;Jean131;urgence;40179.0;;Non
635;2025-09-28;Mukendi14;Jean149;urgence;53534.0;;Non
1167;2025-09-27;Mukendi29;Jean29;solidarite;68277.0;;Non
464;2025-09-27;Mukendi76;Jean76;solidarite;78820.0;;Non
79;2025-09-27;Mukendi14;Jean145;solidarite;40446.0;;Non
800;2025-09-26;Mukendi13;Jean134;urgence;33656.0;;Non
1187;2025-09-26;Mukendi14;Jean147;ordinaire;17809.0;;Non
158;2025-09-25;Mukendi21;Jean21;ordinaire;33530.0;;Non
992;2025-09-25;Mukendi57;Jean57;solidarite;60566.0;;Non
906;2025-09-25;Mukendi76;Jean76;ordinaire;25688.0;;Non
1047;2025-09-24;Mukendi29;Jean29;solidarite;51577.0;;Non
950;2025-09-24;Mukendi35;Jean35;ordinaire;55896.0;;Non
370;2025-09-24;Mukendi65;Jean65;ordinaire;29266.0;;Non
1030;2025-09-24;Mukendi94;Jean94;urgence;99973.0;;Non
518;2025-09-23;Mukendi20;Jean20;solidarite;69879.0;;Non
821;2025-09-23;Mukendi81;Jean81;urgence;23833.0;;Non
711;2025-09-22;Mukendi33;Jean33;ordinaire;78814.0;;Non
730;2025-09-22;Mukendi14;Jean145;solidarite;56163.0;;Non
984;2025-09-21;Mukendi12;Jean12;ordinaire;67444.0;;Non
562;2025-09-21;Mukendi72;Jean72;solidarite;50894.0;;Non
1011;2025-09-21;Mukendi80;Jean80;urgence;94306.0;;Non
317;2025-09-21;Mukendi85;Jean85;ordinaire;23037.0;;Non
470;2025-09-21;Mukendi14;Jean149;ordinaire;63973.0;;Non
735;2025-09-20;Mukendi21;Jean21;urgence;84956.0;;Non
148;2025-09-20;Mukendi70;Jean70;urgence;95972.0;;Non
936;2025-09-20;Mukendi74;Jean74;urgence;60759.0;;Non
93;2025-09-20;Mukendi11;Jean118;urgence;88500.0;;Non
1148;2025-09-20;Mukendi13;Jean130;solidarite;53502.0;;Non
274;2025-09-20;Mukendi13;Jean135;solidarite;39652.0;;Non
934;2025-09-19;Mukendi33;Jean33;solidarite;14462.0;;Non
374;2025-09-19;Mukendi13;Jean137;urgence;3154.0;;Non
1162;2025-09-19;Mukendi14;Jean140;urgence;38289.0;;Non
1091;2025-09-18;Mukendi9;Jean9;solidarite;73298.0;;Non
414;2025-09-18;Mukendi88;Jean88;ordinaire;94000.0;;Non
378;2025-09-18;Mukendi13;Jean134;ordinaire;48265.0;;Non
236;2025-09-17;Mukendi33;Jean33;solidarite;71701.0;;Non
1156;2025-09-17;Mukendi49;Jean49;urgence;5405.0;;Non
610;2025-09-17;Mukendi11;Jean110;urgence;59830.0;;Non
357;2025-09-17;Mukendi11;Jean118;solidarite;37932.0;;Non
954;2025-09-16;Mukendi75;Jean75;ordinaire;22020.0;;Non
1043;2025-09-16;Mukendi75;Jean75;urgence;29632.0;;Non
516;2025-09-16;Mukendi95;Jean95;urgence;55505.0;;Non
521;2025-09-15;Mukendi38;Jean38;solidarite;22566.0;;Non
577;2025-09-15;Mukendi38;Jean38;ordinaire;2198.0;;Non
446;2025-09-15;Mukendi48;Jean48;solidarite;21885.0;;Non
455;2025-09-15;Mukendi73;Jean73;solidarite;10637.0;;Non
525;2025-09-15;Mukendi11;Jean116;ordinaire;74912.0;;Non
185;2025-09-15;Mukendi13;Jean131;urgence;1150.0;;Non
867;2025-09-15;Mukendi14;Jean141;solidarite;43746.0;;Non
524;2025-09-14;Mukendi14;Jean14;ordinaire;60432.0;;Non
856;2025-09-14;Mukendi21;Jean21;solidarite;88574.0;;Non
552;2025-09-14;Mukendi36;Jean36;ordinaire;61689.0;;Non
652;2025-09-14;Mukendi14;Jean141;solidarite;21989.0;;Non
866;2025-09-13;Mukendi17;Jean17;solidarite;12406.0;;Non
329;2025-09-13;Mukendi23;Jean23;urgence;81610.0;;Non
1118;2025-09-13;Mukendi42;Jean42;ordinaire;34850.0;;Non
1107;2025-09-13;Mukendi64;Jean64;ordinaire;50326.0;;Non
851;2025-09-13;Mukendi67;Jean67;urgence;12945.0;;Non
834;2025-09-13;Mukendi12;Jean126;solidarite;50638.0;;Non
749;2025-09-12;Mukendi19;Jean19;solidarite;66031.0;;Non
805;2025-09-12;Mukendi71;Jean71;solidarite;8679.0;;Non
779;2025-09-12;Mukendi80;Jean80;ordinaire;54282.0;;Non
186;2025-09-12;Mukendi10;Jean105;ordinaire;8104.0;;Non
871;2025-09-12;Mukendi14;Jean144;solidarite;14237.0;;Non
561;2025-09-11;Mukendi52;Jean52;ordinaire;52987.0;;Non
66;2025-09-11;Mukendi13;Jean130;urgence;53386.0;;Non
737;2025-09-11;Mukendi13;Jean130;ordinaire;27633.0;;Non
1155;2025-09-10;Mukendi2;Jean2;urgence;27438.0;;Non
435;2025-09-10;Mukendi7;Jean7;urgence;66278.0;;Non
75;2025-09-10;Mukendi31;Jean31;solidarite;95339.0;;Non
1153;2025-09-10;Mukendi10;Jean102;urgence;81473.0;;Non
1017;2025-09-10;Mukendi10;Jean106;urgence;89374.0;;Non
913;2025-09-10;Mukendi12;Jean121;solidarite;89063.0;;Non
44;2025-09-10;Mukendi13;Jean135;urgence;2025.0;;Non
581;2025-09-10;Mukendi13;Jean135;solidarite;95659.0;;Non
1123;2025-09-09;Mukendi46;Jean46;urgence;82685.0;;Non
584;2025-09-09;Mukendi61;Jean61;urgence;26156.0;;Non
487;2025-09-09;Mukendi12;Jean122;ordinaire;29047.0;;Non
168;2025-09-08;Mukendi50;Jean50;ordinaire;56723.0;;Non
768;2025-09-08;Mukendi78;Jean78;ordinaire;14624.0;;Non
614;2025-09-08;Mukendi99;Jean99;urgence;12101.0;;Non
785;2025-09-08;Mukendi11;Jean115;urgence;73869.0;;Non
475;2025-09-07;Mukendi15;Jean15;ordinaire;93507.0;;Non
1087;2025-09-07;Mukendi20;Jean20;ordinaire;37780.0;;Non
725;2025-09-07;Mukendi52;Jean52;urgence;68862.0;;Non
258;2025-09-07;Mukendi14;Jean144;ordinaire;27896.0;;Non
651;2025-09-06;Mukendi42;Jean42;ordinaire;98057.0;;Non
222;2025-09-06;Mukendi11;Jean119;urgence;38700.0;;Non
772;2025-09-05;Mukendi21;Jean21;ordinaire;77122.0;;Non
362;2025-09-05;Mukendi41;Jean41;solidarite;36755.0;;Non
534;2025-09-05;Mukendi45;Jean45;solidarite;71419.0;;Non
583;2025-09-05;Mukendi45;Jean45;ordinaire;15026.0;;Non
921;2025-09-04;Mukendi18;Jean18;ordinaire;62894.0;;Non
1165;2025-09-04;Mukendi66;Jean66;solidarite;23942.0;;Non
241;2025-09-04;Mukendi10;Jean101;solidarite;2824.0;;Non
409;2025-09-04;Mukendi12;Jean127;solidarite;68861.0;;Non
839;2025-09-03;Mukendi41;Jean41;ordinaire;96942.0;;Non
315;2025-09-03;Mukendi11;Jean111;solidarite;78184.0;;Non
32;2025-09-03;Mukendi13;Jean135;ordinaire;21635.0;;Non
783;2025-09-02;Mukendi63;Jean63;solidarite;47627.0;;Non
591;2025-09-02;Mukendi84;Jean84;ordinaire;75167.0;;Non
1183;2025-09-02;Mukendi12;Jean126;ordinaire;81455.0;;Non
574;2025-09-02;Mukendi13;Jean138;ordinaire;85123.0;;Non
752;2025-09-01;Mukendi29;Jean29;urgence;30937.0;;Non
629;2025-09-01;Mukendi13;Jean139;urgence;24583.0;;Non
359;2025-08-28;Mukendi64;Jean64;urgence;7839.0;;Non
531;2025-08-28;Mukendi10;Jean107;solidarite;50081.0;;Non
224;2025-08-28;Mukendi10;Jean108;solidarite;91480.0;;Non
229;2025-08-27;Mukendi12;Jean12;urgence;80482.0;;Non
4;2025-08-27;Mukendi20;Jean20;urgence;12226.0;;Non
1028;2025-08-27;Mukendi64;Jean64;urgence;27619.0;;Non
313;2025-08-27;Mukendi83;Jean83;urgence;23527.0;;Non
355;2025-08-27;Mukendi13;Jean136;solidarite;32348.0;;Non
1200;2025-08-26;Mukendi37;Jean37;ordinaire;97802.0;;Non
237;2025-08-26;Mukendi69;Jean69;solidarite;22567.0;;Non
618;2025-08-26;Mukendi70;Jean70;solidarite;56194.0;;Non
22;2025-08-26;Mukendi11;Jean118;ordinaire;33742.0;;Non
630;2025-08-26;Mukendi11;Jean118;ordinaire;93847.0;;Non
523;2025-08-26;Mukendi12;Jean125;urgence;12919.0;;Non
515;2025-08-24;Mukendi34;Jean34;ordinaire;63676.0;;Non
840;2025-08-23;Mukendi86;Jean86;urgence;78860.0;;Non
129;2025-08-23;Mukendi11;Jean110;urgence;48472.0;;Non
1113;2025-08-22;Mukendi84;Jean84;ordinaire;95405.0;;Non
499;2025-08-21;Mukendi27;Jean27;solidarite;44914.0;;Non
1075;2025-08-21;Mukendi14;Jean145;urgence;8128.0;;Non
220;2025-08-21;Mukendi14;Jean149;ordinaire;19758.0;;Non
964;2025-08-20;Mukendi43;Jean43;solidarite;44078.0;;Non
1120;2025-08-20;Mukendi72;Jean72;ordinaire;12239.0;;Non
1108;2025-08-20;Mukendi90;Jean90;solidarite;46224.0;;Non
373;2025-08-20;Mukendi11;Jean117;ordinaire;9232.0;;Non
477;2025-08-18;Mukendi96;Jean96;ordinaire;42124.0;;Non
677;2025-08-18;Mukendi11;Jean117;urgence;75140.0;;Non
476;2025-08-17;Mukendi14;Jean143;urgence;43604.0;;Non
850;2025-08-16;Mukendi29;Jean29;solidarite;41416.0;;Non
1154;2025-08-15;Mukendi14;Jean14;urgence;23973.0;;Non
322;2025-08-15;Mukendi19;Jean19;urgence;24218.0;;Non
778;2025-08-15;Mukendi39;Jean39;ordinaire;14848.0;;Non
438;2025-08-15;Mukendi40;Jean40;solidarite;58619.0;;Non
131;2025-08-15;Mukendi69;Jean69;urgence;81728.0;;Non
853;2025-08-15;Mukendi11;Jean114;solidarite;6848.0;;Non
140;2025-08-15;Mukendi12;Jean121;urgence;85659.0;;Non
797;2025-08-14;Mukendi62;Jean62;solidarite;85840.0;;Non
102;2025-08-14;Mukendi10;Jean104;urgence;44369.0;;Non
277;2025-08-13;Mukendi58;Jean58;solidarite;55239.0;;Non
1168;2025-08-13;Mukendi14;Jean147;urgence;33786.0;;Non
1098;2025-08-12;Mukendi37;Jean37;urgence;97458.0;;Non
393;2025-08-12;Mukendi47;Jean47;urgence;66038.0;;Non
1085;2025-08-12;Mukendi84;Jean84;solidarite;63908.0;;Non
398;2025-08-12;Mukendi10;Jean109;urgence;22842.0;;Non
363;2025-08-12;Mukendi11;Jean111;ordinaire;13021.0;;Non
249;2025-08-12;Mukendi13;Jean137;solidarite;18781.0;;Non
507;2025-08-11;Mukendi24;Jean24;ordinaire;25219.0;;Non
1190;2025-08-11;Mukendi30;Jean30;urgence;92520.0;;Non
1080;2025-08-11;Mukendi49;Jean49;solidarite;42652.0;;Non
959;2025-08-10;Mukendi65;Jean65;ordinaire;85454.0;;Non
859;2025-08-10;Mukendi12;Jean121;ordinaire;76066.0;;Non
160;2025-08-10;Mukendi13;Jean133;solidarite;50856.0;;Non
780;2025-08-09;Mukendi53;Jean53;solidarite;60233.0;;Non
876;2025-08-09;Mukendi60;Jean60;urgence;7460.0;;Non
681;2025-08-09;Mukendi63;Jean63;ordinaire;40021.0;;Non
899;2025-08-09;Mukendi10;Jean108;solidarite;50345.0;;Non
133;2025-08-08;Mukendi62;Jean62;solidarite;12359.0;;Non
194;2025-08-08;Mukendi69;Jean69;solidarite;55459.0;;Non
354;2025-08-08;Mukendi72;Jean72;urgence;99617.0;;Non
253;2025-08-08;Mukendi94;Jean94;solidarite;29477.0;;Non
107;2025-08-08;Mukendi13;Jean139;ordinaire;80069.0;;Non
347;2025-08-07;Mukendi46;Jean46;solidarite;29074.0;;Non
14;2025-08-07;Mukendi60;Jean60;urgence;37500.0;;Non
410;2025-08-07;Mukendi67;Jean67;urgence;35116.0;;Non
1109;2025-08-06;Mukendi1;Jean1;ordinaire;66776.0;;Non
573;2025-08-06;Mukendi35;Jean35;urgence;95412.0;;Non
1096;2025-08-06;Mukendi42;Jean42;ordinaire;68388.0;;Non
95;2025-08-06;Mukendi12;Jean129;urgence;56933.0;;Non
896;2025-08-05;Mukendi5;Jean5;ordinaire;90417.0;;Non
997;2025-08-05;Mukendi27;Jean27;ordinaire;7000.0;;Non
692;2025-08-05;Mukendi63;Jean63;solidarite;89635.0;;Non
28;2025-08-05;Mukendi14;Jean142;urgence;87752.0;;Non
92;2025-08-05;Mukendi14;Jean142;ordinaire;33662.0;;Non
225;2025-08-04;Mukendi77;Jean77;solidarite;27111.0;;Non
128;2025-08-04;Mukendi87;Jean87;solidarite;2658.0;;Non
9;2025-08-04;Mukendi95;Jean95;urgence;58422.0;;Non
491;2025-08-04;Mukendi10;Jean105;urgence;44292.0;;Non
310;2025-08-03;Mukendi10;Jean10;ordinaire;58176.0;;Non
710;2025-08-03;Mukendi24;Jean24;ordinaire;1142.0;;Non
270;2025-08-03;Mukendi27;Jean27;urgence;65260.0;;Non
179;2025-08-03;Mukendi14;Jean149;urgence;58132.0;;Non
327;2025-08-02;Mukendi18;Jean18;solidarite;41685.0;;Non
91;2025-08-02;Mukendi45;Jean45;urgence;92214.0;;Non
529;2025-08-02;Mukendi13;Jean138;ordinaire;8897.0;;Non
244;2025-08-01;Mukendi27;Jean27;ordinaire;89452.0;;Non
417;2025-08-01;Mukendi51;Jean51;ordinaire;19202.0;;Non
814;2025-08-01;Mukendi56;Jean56;urgence;3612.0;;Non
793;2025-08-01;Mukendi11;Jean110;solidarite;95952.0;;Non
184;2025-07-28;Mukendi64;Jean64;ordinaire;43372.0;;Non
49;2025-07-27;Mukendi13;Jean13;urgence;13097.0;;Non
857;2025-07-27;Mukendi58;Jean58;ordinaire;73561.0;;Non
182;2025-07-27;Mukendi12;Jean126;urgence;38777.0;;Non
536;2025-07-27;Mukendi13;Jean139;urgence;56591.0;;Non
1026;2025-07-26;Mukendi12;Jean12;solidarite;51014.0;;Non
1112;2025-07-26;Mukendi30;Jean30;ordinaire;87652.0;;Non
60;2025-07-26;Mukendi45;Jean45;solidarite;97542.0;;Non
103;2025-07-25;Mukendi15;Jean15;solidarite;28110.0;;Non
739;2025-07-24;Mukendi16;Jean16;urgence;41654.0;;Non
109;2025-07-24;Mukendi86;Jean86;urgence;88670.0;;Non
1145;2025-07-24;Mukendi14;Jean147;urgence;46135.0;;Non
181;2025-07-23;Mukendi26;Jean26;solidarite;22079.0;;Non
673;2025-07-23;Mukendi10;Jean104;solidarite;90744.0;;Non
269;2025-07-22;Mukendi15;Jean15;solidarite;63781.0;;Non
556;2025-07-22;Mukendi48;Jean48;solidarite;7755.0;;Non
8;2025-07-22;Mukendi51;Jean51;solidarite;94447.0;;Non
907;2025-07-22;Mukendi61;Jean61;urgence;8441.0;;Non
631;2025-07-22;Mukendi74;Jean74;ordinaire;91811.0;;Non
204;2025-07-22;Mukendi12;Jean121;solidarite;93435.0;;Non
77;2025-07-22;Mukendi14;Jean141;ordinaire;17683.0;;Non
590;2025-07-21;Mukendi43;Jean43;solidarite;11837.0;;Non
888;2025-07-21;Mukendi94;Jean94;urgence;61846.0;;Non
1054;2025-07-21;Mukendi13;Jean137;urgence;93109.0;;Non
880;2025-07-20;Mukendi82;Jean82;urgence;36313.0;;Non
1007;2025-07-20;Mukendi82;Jean82;solidarite;67074.0;;Non
69;2025-07-20;Mukendi88;Jean88;solidarite;96491.0;;Non
1009;2025-07-20;Mukendi11;Jean115;ordinaire;18481.0;;Non
273;2025-07-20;Mukendi14;Jean140;solidarite;94343.0;;Non
845;2025-07-19;Mukendi60;Jean60;ordinaire;13571.0;;Non
818;2025-07-19;Mukendi95;Jean95;urgence;93345.0;;Non
1040;2025-07-18;Mukendi17;Jean17;ordinaire;67209.0;;Non
52;2025-07-18;Mukendi11;Jean113;urgence;73309.0;;Non
1131;2025-07-17;Mukendi0;Jean0;urgence;89940.0;;Non
364;2025-07-17;Mukendi6;Jean6;ordinaire;55381.0;;Non
895;2025-07-17;Mukendi52;Jean52;urgence;36269.0;;Non
1101;2025-07-16;Mukendi52;Jean52;solidarite;68880.0;;Non
164;2025-07-15;Mukendi19;Jean19;ordinaire;21517.0;;Non
643;2025-07-15;Mukendi56;Jean56;solidarite;59429.0;;Non
295;2025-07-15;Mukendi13;Jean135;solidarite;29197.0;;Non
276;2025-07-15;Mukendi14;Jean141;ordinaire;95481.0;;Non
336;2025-07-14;Mukendi93;Jean93;solidarite;49870.0;;Non
1059;2025-07-14;Mukendi99;Jean99;urgence;60129.0;;Non
929;2025-07-14;Mukendi11;Jean111;solidarite;84032.0;;Non
588;2025-07-13;Mukendi8;Jean8;solidarite;13255.0;;Non
654;2025-07-13;Mukendi47;Jean47;urgence;84948.0;;Non
966;2025-07-13;Mukendi87;Jean87;ordinaire;24969.0;;Non
909;2025-07-13;Mukendi12;Jean127;solidarite;39745.0;;Non
17;2025-07-12;Mukendi24;Jean24;urgence;13704.0;;Non
457;2025-07-12;Mukendi30;Jean30;ordinaire;17864.0;;Non
721;2025-07-12;Mukendi31;Jean31;urgence;78276.0;;Non
1133;2025-07-12;Mukendi10;Jean109;solidarite;31079.0;;Non
380;2025-07-12;Mukendi12;Jean120;urgence;6706.0;;Non
64;2025-07-11;Mukendi6;Jean6;ordinaire;87511.0;;Non
392;2025-07-11;Mukendi10;Jean102;solidarite;98426.0;;Non
625;2025-07-11;Mukendi12;Jean122;ordinaire;42180.0;;Non
26;2025-07-09;Mukendi42;Jean42;ordinaire;50672.0;;Non
526;2025-07-09;Mukendi78;Jean78;ordinaire;95801.0;;Non
300;2025-07-09;Mukendi12;Jean124;solidarite;80570.0;;Non
627;2025-07-09;Mukendi14;Jean147;solidarite;32775.0;;Non
90;2025-07-08;Mukendi1;Jean1;ordinaire;99430.0;;Non
508;2025-07-08;Mukendi63;Jean63;solidarite;1895.0;;Non
1199;2025-07-07;Mukendi60;Jean60;solidarite;73789.0;;Non
698;2025-07-07;Mukendi91;Jean91;urgence;9300.0;;Non
195;2025-07-07;Mukendi11;Jean116;ordinaire;73255.0;;Non
16;2025-07-07;Mukendi12;Jean121;solidarite;32850.0;;Non
550;2025-07-06;Mukendi10;Jean104;solidarite;20558.0;;Non
1082;2025-07-06;Mukendi14;Jean145;solidarite;48774.0;;Non
112;2025-07-05;Mukendi6;Jean6;urgence;12003.0;;Non
1125;2025-07-05;Mukendi17;Jean17;solidarite;31122.0;;Non
884;2025-07-05;Mukendi79;Jean79;urgence;94004.0;;Non
38;2025-07-05;Mukendi80;Jean80;solidarite;32285.0;;Non
440;2025-07-05;Mukendi81;Jean81;solidarite;97233.0;;Non
945;2025-07-04;Mukendi29;Jean29;solidarite;55627.0;;Non
640;2025-07-04;Mukendi10;Jean102;solidarite;99655.0;;Non
680;2025-07-04;Mukendi11;Jean112;ordinaire;72611.0;;Non
293;2025-07-03;Mukendi36;Jean36;urgence;75228.0;;Non
759;2025-07-03;Mukendi57;Jean57;ordinaire;68603.0;;Non
988;2025-07-02;Mukendi4;Jean4;solidarite;14453.0;;Non
922;2025-07-02;Mukendi97;Jean97;solidarite;70446.0;;Non
453;2025-07-02;Mukendi10;Jean103;ordinaire;48964.0;;Non
25;2025-07-02;Mukendi12;Jean124;ordinaire;64092.0;;Non
59;2025-07-01;Mukendi60;Jean60;ordinaire;22299.0;;Non
71;2025-07-01;Mukendi65;Jean65;urgence;6817.0;;Non
312;2025-07-01;Mukendi10;Jean106;ordinaire;38947.0;;Non
209;2025-06-28;Mukendi10;Jean101;ordinaire;86175.0;;Non
287;2025-06-28;Mukendi12;Jean123;ordinaire;30392.0;;Non
201;2025-06-28;Mukendi13;Jean139;solidarite;50441.0;;Non
924;2025-06-28;Mukendi14;Jean145;ordinaire;60974.0;;Non
384;2025-06-27;Mukendi11;Jean11;urgence;47176.0;;Non
808;2025-06-27;Mukendi56;Jean56;solidarite;76457.0;;Non
965;2025-06-27;Mukendi68;Jean68;ordinaire;97084.0;;Non
262;2025-06-26;Mukendi6;Jean6;ordinaire;18275.0;;Non
460;2025-06-26;Mukendi9;Jean9;urgence;18961.0;;Non
961;2025-06-26;Mukendi44;Jean44;solidarite;6170.0;;Non
381;2025-06-26;Mukendi64;Jean64;ordinaire;98952.0;;Non
608;2025-06-25;Mukendi1;Jean1;solidarite;41405.0;;Non
452;2025-06-25;Mukendi34;Jean34;urgence;35664.0;;Non
57;2025-06-25;Mukendi63;Jean63;ordinaire;88416.0;;Non
50;2025-06-25;Mukendi70;Jean70;ordinaire;6778.0;;Non
484;2025-06-25;Mukendi13;Jean139;solidarite;50767.0;;Non
1169;2025-06-25;Mukendi14;Jean144;ordinaire;64390.0;;Non
827;2025-06-24;Mukendi26;Jean26;ordinaire;66035.0;;Non
865;2025-06-24;Mukendi37;Jean37;solidarite;78994.0;;Non
203;2025-06-24;Mukendi59;Jean59;ordinaire;54841.0;;Non
996;2025-06-23;Mukendi74;Jean74;urgence;72786.0;;Non
875;2025-06-23;Mukendi10;Jean102;solidarite;6083.0;;Non
636;2025-06-23;Mukendi10;Jean107;ordinaire;72256.0;;Non
993;2025-06-23;Mukendi12;Jean121;urgence;94933.0;;Non
941;2025-06-23;Mukendi12;Jean129;ordinaire;23149.0;;Non
1159;2025-06-22;Mukendi22;Jean22;solidarite;37167.0;;Non
413;2025-06-22;Mukendi11;Jean113;urgence;12506.0;;Non
925;2025-06-21;Mukendi46;Jean46;solidarite;11592.0;;Non
554;2025-06-21;Mukendi62;Jean62;ordinaire;34422.0;;Non
65;2025-06-21;Mukendi71;Jean71;solidarite;10099.0;;Non
916;2025-06-21;Mukendi14;Jean143;urgence;24995.0;;Non
174;2025-06-20;Mukendi10;Jean10;urgence;57626.0;;Non
1036;2025-06-20;Mukendi39;Jean39;ordinaire;6235.0;;Non
399;2025-06-20;Mukendi11;Jean114;urgence;6551.0;;Non
660;2025-06-20;Mukendi12;Jean125;urgence;70168.0;;Non
1141;2025-06-20;Mukendi13;Jean137;urgence;56517.0;;Non
1192;2025-06-20;Mukendi14;Jean148;solidarite;14205.0;;Non
226;2025-06-19;Mukendi60;Jean60;urgence;50986.0;;Non
696;2025-06-19;Mukendi94;Jean94;solidarite;60597.0;;Non
126;2025-06-18;Mukendi30;Jean30;ordinaire;75177.0;;Non
686;2025-06-18;Mukendi52;Jean52;urgence;8780.0;;Non
99;2025-06-18;Mukendi60;Jean60;solidarite;36614.0;;Non
1015;2025-06-18;Mukendi82;Jean82;ordinaire;94107.0;;Non
254;2025-06-18;Mukendi92;Jean92;urgence;14022.0;;Non
602;2025-06-18;Mukendi11;Jean115;ordinaire;65304.0;;Non
482;2025-06-18;Mukendi12;Jean125;solidarite;42555.0;;Non
200;2025-06-18;Mukendi13;Jean137;solidarite;64483.0;;Non
454;2025-06-18;Mukendi14;Jean145;ordinaire;74638.0;;Non
744;2025-06-17;Mukendi2;Jean2;solidarite;22473.0;;Non
1173;2025-06-17;Mukendi58;Jean58;solidarite;42383.0;;Non
326;2025-06-17;Mukendi70;Jean70;ordinaire;78518.0;;Non
1048;2025-06-17;Mukendi72;Jean72;urgence;4238.0;;Non
563;2025-06-17;Mukendi91;Jean91;solidarite;41425.0;;Non
801;2025-06-16;Mukendi4;Jean4;urgence;51134.0;;Non
647;2025-06-16;Mukendi52;Jean52;solidarite;69303.0;;Non
1184;2025-06-16;Mukendi12;Jean123;urgence;49653.0;;Non
646;2025-06-15;Mukendi36;Jean36;solidarite;46656.0;;Non
1124;2025-06-15;Mukendi42;Jean42;urgence;95920.0;;Non
622;2025-06-15;Mukendi85;Jean85;solidarite;82289.0;;Non
418;2025-06-15;Mukendi92;Jean92;urgence;73616.0;;Non
771;2025-06-15;Mukendi13;Jean133;urgence;55140.0;;Non
81;2025-06-15;Mukendi14;Jean148;urgence;80516.0;;Non
1035;2025-06-15;Mukendi14;Jean149;ordinaire;34425.0;;Non
923;2025-06-14;Mukendi38;Jean38;ordinaire;19004.0;;Non
565;2025-06-14;Mukendi81;Jean81;solidarite;27624.0;;Non
391;2025-06-14;Mukendi84;Jean84;ordinaire;36811.0;;Non
278;2025-06-14;Mukendi10;Jean106;ordinaire;96631.0;;Non
143;2025-06-14;Mukendi12;Jean121;urgence;73544.0;;Non
1046;2025-06-13;Mukendi62;Jean62;urgence;6226.0;;Non
1092;2025-06-13;Mukendi12;Jean120;ordinaire;86709.0;;Non
405;2025-06-12;Mukendi39;Jean39;solidarite;90006.0;;Non
1042;2025-06-12;Mukendi54;Jean54;solidarite;87944.0;;Non
1194;2025-06-12;Mukendi68;Jean68;urgence;62780.0;;Non
891;2025-06-12;Mukendi12;Jean121;urgence;77923.0;;Non
658;2025-06-11;Mukendi26;Jean26;ordinaire;71371.0;;Non
466;2025-06-11;Mukendi76;Jean76;ordinaire;63245.0;;Non
114;2025-06-11;Mukendi83;Jean83;solidarite;28742.0;;Non
180;2025-06-11;Mukendi12;Jean120;solidarite;46607.0;;Non
715;2025-06-10;Mukendi26;Jean26;solidarite;14526.0;;Non
933;2025-06-10;Mukendi63;Jean63;urgence;30657.0;;Non
1008;2025-06-10;Mukendi63;Jean63;solidarite;36860.0;;Non
42;2025-06-10;Mukendi89;Jean89;ordinaire;10016.0;;Non
509;2025-06-10;Mukendi11;Jean114;solidarite;99796.0;;Non
346;2025-06-10;Mukendi13;Jean130;ordinaire;48425.0;;Non
837;2025-06-09;Mukendi8;Jean8;ordinaire;39654.0;;Non
831;2025-06-09;Mukendi63;Jean63;ordinaire;91855.0;;Non
706;2025-06-09;Mukendi70;Jean70;urgence;13234.0;;Non
918;2025-06-09;Mukendi78;Jean78;solidarite;56112.0;;Non
983;2025-06-09;Mukendi12;Jean125;ordinaire;43026.0;;Non
570;2025-06-09;Mukendi14;Jean140;urgence;86800.0;;Non
955;2025-06-08;Mukendi53;Jean53;solidarite;91204.0;;Non
230;2025-06-08;Mukendi73;Jean73;urgence;31162.0;;Non
316;2025-06-08;Mukendi10;Jean101;urgence;41668.0;;Non
1041;2025-06-08;Mukendi13;Jean137;ordinaire;53876.0;;Non
761;2025-06-07;Mukendi14;Jean141;ordinaire;60866.0;;Non
828;2025-06-06;Mukendi19;Jean19;solidarite;32194.0;;Non
852;2025-06-06;Mukendi47;Jean47;solidarite;49630.0;;Non
638;2025-06-06;Mukendi63;Jean63;urgence;87193.0;;Non
135;2025-06-06;Mukendi86;Jean86;solidarite;4761.0;;Non
572;2025-06-06;Mukendi11;Jean117;urgence;23050.0;;Non
121;2025-06-06;Mukendi11;Jean119;solidarite;92680.0;;Non
154;2025-06-06;Mukendi12;Jean120;solidarite;63746.0;;Non
819;2025-06-05;Mukendi25;Jean25;solidarite;45113.0;;Non
383;2025-06-05;Mukendi26;Jean26;urgence;77271.0;;Non
537;2025-06-05;Mukendi58;Jean58;solidarite;33441.0;;Non
279;2025-06-05;Mukendi80;Jean80;solidarite;88177.0;;Non
423;2025-06-05;Mukendi11;Jean119;urgence;90143.0;;Non
285;2025-06-04;Mukendi73;Jean73;solidarite;79696.0;;Non
791;2025-06-04;Mukendi11;Jean113;ordinaire;17880.0;;Non
533;2025-06-04;Mukendi13;Jean138;urgence;18431.0;;Non
817;2025-06-03;Mukendi36;Jean36;urgence;15538.0;;Non
760;2025-06-03;Mukendi11;Jean119;solidarite;38002.0;;Non
1038;2025-06-03;Mukendi12;Jean125;urgence;76061.0;;Non
599;2025-06-02;Mukendi20;Jean20;urgence;66639.0;;Non
30;2025-06-02;Mukendi13;Jean138;urgence;8989.0;;Non
10;2025-06-01;Mukendi63;Jean63;ordinaire;30451.0;;Non
125;2025-05-28;Mukendi62;Jean62;urgence;14356.0;;Non
48;2025-05-28;Mukendi67;Jean67;solidarite;67244.0;;Non
688;2025-05-28;Mukendi74;Jean74;urgence;38923.0;;Non
198;2025-05-27;Mukendi0;Jean0;urgence;38072.0;;Non
847;2025-05-27;Mukendi0;Jean0;ordinaire;57047.0;;Non
789;2025-05-27;Mukendi21;Jean21;urgence;77326.0;;Non
952;2025-05-27;Mukendi50;Jean50;ordinaire;80823.0;;Non
115;2025-05-27;Mukendi97;Jean97;solidarite;37471.0;;Non
197;2025-05-27;Mukendi10;Jean106;urgence;45548.0;;Non
467;2025-05-26;Mukendi28;Jean28;urgence;55596.0;;Non
1198;2025-05-26;Mukendi58;Jean58;urgence;14090.0;;Non
604;2025-05-26;Mukendi97;Jean97;urgence;12232.0;;Non
942;2025-05-25;Mukendi9;Jean9;urgence;50177.0;;Non
1064;2025-05-25;Mukendi77;Jean77;ordinaire;80503.0;;Non
105;2025-05-25;Mukendi12;Jean122;solidarite;1772.0;;Non
708;2025-05-24;Mukendi13;Jean13;urgence;52949.0;;Non
296;2025-05-24;Mukendi87;Jean87;solidarite;21631.0;;Non
485;2025-05-23;Mukendi37;Jean37;ordinaire;39070.0;;Non
291;2025-05-23;Mukendi68;Jean68;ordinaire;4794.0;;Non
659;2025-05-22;Mukendi50;Jean50;ordinaire;60972.0;;Non
1020;2025-05-22;Mukendi51;Jean51;ordinaire;35993.0;;Non
468;2025-05-21;Mukendi6;Jean6;solidarite;79238.0;;Non
433;2025-05-21;Mukendi11;Jean11;urgence;85076.0;;Non
733;2025-05-21;Mukendi15;Jean15;urgence;53163.0;;Non
974;2025-05-21;Mukendi11;Jean112;ordinaire;7025.0;;Non
1135;2025-05-20;Mukendi12;Jean122;ordinaire;31475.0;;Non
46;2025-05-20;Mukendi14;Jean141;solidarite;21374.0;;Non
498;2025-05-19;Mukendi74;Jean74;ordinaire;5910.0;;Non
288;2025-05-19;Mukendi14;Jean142;ordinaire;49176.0;;Non
1057;2025-05-18;Mukendi18;Jean18;ordinaire;8113.0;;Non
190;2025-05-18;Mukendi61;Jean61;ordinaire;94032.0;;Non
137;2025-05-18;Mukendi71;Jean71;urgence;79139.0;;Non
747;2025-05-17;Mukendi7;Jean7;solidarite;44910.0;;Non
193;2025-05-17;Mukendi39;Jean39;urgence;66323.0;;Non
388;2025-05-17;Mukendi51;Jean51;solidarite;6492.0;;Non
172;2025-05-17;Mukendi77;Jean77;solidarite;92715.0;;Non
6;2025-05-17;Mukendi12;Jean121;ordinaire;73063.0;;Non
1031;2025-05-15;Mukendi50;Jean50;ordinaire;96015.0;;Non
795;2025-05-15;Mukendi54;Jean54;solidarite;25530.0;;Non
535;2025-05-15;Mukendi57;Jean57;ordinaire;1455.0;;Non
442;2025-05-15;Mukendi61;Jean61;ordinaire;62141.0;;Non
188;2025-05-15;Mukendi68;Jean68;ordinaire;72987.0;;Non
1196;2025-05-15;Mukendi95;Jean95;solidarite;48851.0;;Non
1058;2025-05-14;Mukendi18;Jean18;ordinaire;76361.0;;Non
375;2025-05-14;Mukendi61;Jean61;ordinaire;95181.0;;Non
613;2025-05-14;Mukendi83;Jean83;ordinaire;51493.0;;Non
113;2025-05-13;Mukendi11;Jean118;ordinaire;24819.0;;Non
208;2025-05-11;Mukendi39;Jean39;solidarite;10807.0;;Non
699;2025-05-11;Mukendi10;Jean109;solidarite;28767.0;;Non
132;2025-05-11;Mukendi11;Jean111;urgence;96817.0;;Non
136;2025-05-11;Mukendi12;Jean124;solidarite;28802.0;;Non
1166;2025-05-11;Mukendi14;Jean143;urgence;10487.0;;Non
877;2025-05-10;Mukendi95;Jean95;solidarite;3651.0;;Non
844;2025-05-10;Mukendi13;Jean138;urgence;35768.0;;Non
1144;2025-05-10;Mukendi14;Jean143;solidarite;73733.0;;Non
616;2025-05-09;Mukendi43;Jean43;solidarite;19198.0;;Non
1140;2025-05-09;Mukendi10;Jean109;urgence;86403.0;;Non
546;2025-05-09;Mukendi13;Jean133;solidarite;29972.0;;Non
543;2025-05-08;Mukendi14;Jean14;urgence;19367.0;;Non
212;2025-05-08;Mukendi60;Jean60;urgence;83727.0;;Non
1193;2025-05-08;Mukendi66;Jean66;urgence;25530.0;;Non
149;2025-05-08;Mukendi72;Jean72;ordinaire;14176.0;;Non
776;2025-05-08;Mukendi83;Jean83;solidarite;42688.0;;Non
632;2025-05-08;Mukendi12;Jean127;urgence;19242.0;;Non
371;2025-05-08;Mukendi13;Jean135;ordinaire;56476.0;;Non
1174;2025-05-08;Mukendi13;Jean137;urgence;2274.0;;Non
830;2025-05-07;Mukendi85;Jean85;ordinaire;59540.0;;Non
255;2025-05-07;Mukendi91;Jean91;solidarite;8936.0;;Non
428;2025-05-07;Mukendi13;Jean132;ordinaire;38230.0;;Non
1071;2025-05-07;Mukendi13;Jean137;ordinaire;72765.0;;Non
426;2025-05-06;Mukendi31;Jean31;ordinaire;68908.0;;Non
812;2025-05-06;Mukendi48;Jean48;urgence;65517.0;;Non
178;2025-05-06;Mukendi13;Jean132;solidarite;86394.0;;Non
1093;2025-05-05;Mukendi57;Jean57;urgence;78280.0;;Non
41;2025-05-05;Mukendi13;Jean137;urgence;28938.0;;Non
1171;2025-05-03;Mukendi7;Jean7;ordinaire;64172.0;;Non
736;2025-05-03;Mukendi39;Jean39;ordinaire;37368.0;;Non
389;2025-05-02;Mukendi10;Jean101;solidarite;72176.0;;Non
303;2025-05-02;Mukendi12;Jean124;urgence;70066.0;;Non
252;2025-05-02;Mukendi12;Jean125;solidarite;81694.0;;Non
1179;2025-04-28;Mukendi51;Jean51;urgence;31783.0;;Non
770;2025-04-28;Mukendi71;Jean71;ordinaire;13193.0;;Non
444;2025-04-28;Mukendi98;Jean98;solidarite;81658.0;;Non
558;2025-04-28;Mukendi14;Jean143;solidarite;29444.0;;Non
864;2025-04-27;Mukendi20;Jean20;solidarite;90538.0;;Non
881;2025-04-27;Mukendi22;Jean22;solidarite;25633.0;;Non
685;2025-04-27;Mukendi42;Jean42;ordinaire;81760.0;;Non
1180;2025-04-27;Mukendi67;Jean67;ordinaire;28102.0;;Non
1121;2025-04-27;Mukendi12;Jean120;ordinaire;64133.0;;Non
96;2025-04-27;Mukendi12;Jean121;solidarite;59991.0;;Non
501;2025-04-26;Mukendi12;Jean129;solidarite;62344.0;;Non
318;2025-04-25;Mukendi29;Jean29;urgence;70547.0;;Non
542;2025-04-25;Mukendi11;Jean112;urgence;31715.0;;Non
493;2025-04-25;Mukendi12;Jean121;urgence;63580.0;;Non
1186;2025-04-25;Mukendi13;Jean130;solidarite;37735.0;;Non
619;2025-04-24;Mukendi19;Jean19;solidarite;48333.0;;Non
917;2025-04-24;Mukendi22;Jean22;solidarite;30131.0;;Non
939;2025-04-24;Mukendi10;Jean103;ordinaire;3506.0;;Non
1083;2025-04-23;Mukendi1;Jean1;ordinaire;42053.0;;Non
1138;2025-04-23;Mukendi1;Jean1;urgence;50155.0;;Non
560;2025-04-23;Mukendi30;Jean30;solidarite;98894.0;;Non
586;2025-04-23;Mukendi10;Jean103;urgence;61161.0;;Non
139;2025-04-23;Mukendi10;Jean104;urgence;65038.0;;Non
88;2025-04-23;Mukendi10;Jean106;urgence;83544.0;;Non
704;2025-04-23;Mukendi11;Jean116;solidarite;1088.0;;Non
47;2025-04-22;Mukendi53;Jean53;solidarite;95058.0;;Non
175;2025-04-22;Mukendi64;Jean64;ordinaire;4390.0;;Non
56;2025-04-22;Mukendi93;Jean93;solidarite;6229.0;;Non
517;2025-04-22;Mukendi13;Jean137;ordinaire;88044.0;;Non
976;2025-04-22;Mukendi14;Jean147;urgence;95866.0;;Non
790;2025-04-21;Mukendi19;Jean19;ordinaire;3857.0;;Non
990;2025-04-21;Mukendi77;Jean77;urgence;67628.0;;Non
799;2025-04-21;Mukendi98;Jean98;solidarite;18987.0;;Non
245;2025-04-21;Mukendi14;Jean143;urgence;43992.0;;Non
1163;2025-04-20;Mukendi89;Jean89;solidarite;46544.0;;Non
376;2025-04-19;Mukendi0;Jean0;solidarite;81584.0;;Non
3;2025-04-19;Mukendi78;Jean78;ordinaire;32385.0;;Non
765;2025-04-18;Mukendi1;Jean1;ordinaire;54744.0;;Non
495;2025-04-18;Mukendi22;Jean22;urgence;86498.0;;Non
20;2025-04-18;Mukendi27;Jean27;ordinaire;33591.0;;Non
641;2025-04-17;Mukendi2;Jean2;solidarite;13924.0;;Non
308;2025-04-17;Mukendi97;Jean97;urgence;70806.0;;Non
1160;2025-04-17;Mukendi10;Jean101;urgence;54143.0;;Non
82;2025-04-17;Mukendi11;Jean113;urgence;58954.0;;Non
1178;2025-04-16;Mukendi46;Jean46;urgence;98800.0;;Non
569;2025-04-16;Mukendi58;Jean58;urgence;50786.0;;Non
219;2025-04-16;Mukendi97;Jean97;urgence;82226.0;;Non
655;2025-04-15;Mukendi7;Jean7;urgence;97650.0;;Non
999;2025-04-15;Mukendi48;Jean48;solidarite;16826.0;;Non
353;2025-04-15;Mukendi93;Jean93;urgence;89652.0;;Non
620;2025-04-15;Mukendi12;Jean126;urgence;78831.0;;Non
80;2025-04-14;Mukendi0;Jean0;solidarite;40829.0;;Non
1195;2025-04-14;Mukendi47;Jean47;solidarite;66374.0;;Non
1142;2025-04-14;Mukendi70;Jean70;solidarite;90208.0;;Non
372;2025-04-14;Mukendi77;Jean77;ordinaire;16970.0;;Non
756;2025-04-14;Mukendi10;Jean107;solidarite;30427.0;;Non
1191;2025-04-13;Mukendi2;Jean2;urgence;2549.0;;Non
141;2025-04-13;Mukendi4;Jean4;solidarite;13196.0;;Non
100;2025-04-13;Mukendi20;Jean20;ordinaire;19136.0;;Non
1151;2025-04-12;Mukendi22;Jean22;solidarite;9399.0;;Non
889;2025-04-12;Mukendi31;Jean31;ordinaire;90282.0;;Non
427;2025-04-12;Mukendi41;Jean41;urgence;43291.0;;Non
568;2025-04-11;Mukendi10;Jean106;ordinaire;39691.0;;Non
331;2025-04-11;Mukendi11;Jean115;urgence;75928.0;;Non
664;2025-04-10;Mukendi34;Jean34;ordinaire;42049.0;;Non
480;2025-04-10;Mukendi71;Jean71;solidarite;74149.0;;Non
774;2025-04-10;Mukendi11;Jean111;ordinaire;87827.0;;Non
165;2025-04-10;Mukendi12;Jean120;ordinaire;39175.0;;Non
551;2025-04-10;Mukendi13;Jean137;ordinaire;63065.0;;Non
887;2025-04-09;Mukendi12;Jean12;urgence;48235.0;;Non
162;2025-04-09;Mukendi25;Jean25;urgence;28235.0;;Non
897;2025-04-09;Mukendi44;Jean44;ordinaire;79792.0;;Non
722;2025-04-09;Mukendi10;Jean109;ordinaire;42222.0;;Non
479;2025-04-08;Mukendi67;Jean67;solidarite;80963.0;;Non
514;2025-04-08;Mukendi75;Jean75;urgence;49174.0;;Non
63;2025-04-08;Mukendi11;Jean117;solidarite;46830.0;;Non
118;2025-04-07;Mukendi10;Jean10;ordinaire;99858.0;;Non
559;2025-04-07;Mukendi85;Jean85;ordinaire;40739.0;;Non
62;2025-04-07;Mukendi97;Jean97;solidarite;6075.0;;Non
448;2025-04-07;Mukendi10;Jean100;solidarite;67249.0;;Non
539;2025-04-07;Mukendi10;Jean107;ordinaire;81599.0;;Non
938;2025-04-06;Mukendi87;Jean87;solidarite;65248.0;;Non
119;2025-04-05;Mukendi5;Jean5;ordinaire;82439.0;;Non
257;2025-04-05;Mukendi5;Jean5;solidarite;7629.0;;Non
764;2025-04-05;Mukendi50;Jean50;urgence;97005.0;;Non
89;2025-04-05;Mukendi98;Jean98;solidarite;65799.0;;Non
1066;2025-04-05;Mukendi12;Jean121;urgence;21489.0;;Non
416;2025-04-04;Mukendi44;Jean44;urgence;48381.0;;Non
145;2025-04-04;Mukendi69;Jean69;solidarite;41189.0;;Non
411;2025-04-04;Mukendi73;Jean73;solidarite;91961.0;;Non
1099;2025-04-03;Mukendi10;Jean10;solidarite;29681.0;;Non
732;2025-04-02;Mukendi17;Jean17;solidarite;2807.0;;Non
471;2025-04-02;Mukendi97;Jean97;urgence;20369.0;;Non
387;2025-04-02;Mukendi11;Jean117;solidarite;5847.0;;Non
1136;2025-04-01;Mukendi13;Jean139;solidarite;54562.0;;Non
11;2025-04-01;Mukendi14;Jean141;urgence;31161.0;;Non
472;2025-04-01;Mukendi14;Jean146;ordinaire;92818.0;;Non
705;2025-03-28;Mukendi33;Jean33;solidarite;86196.0;;Non
754;2025-03-28;Mukendi93;Jean93;ordinaire;51197.0;;Non
890;2025-03-28;Mukendi12;Jean125;solidarite;78862.0;;Non
500;2025-03-28;Mukendi13;Jean139;solidarite;69723.0;;Non
351;2025-03-27;Mukendi96;Jean96;ordinaire;21218.0;;Non
259;2025-03-26;Mukendi55;Jean55;solidarite;31539.0;;Non
598;2025-03-26;Mukendi84;Jean84;urgence;51311.0;;Non
321;2025-03-25;Mukendi50;Jean50;urgence;23740.0;;Non
305;2025-03-25;Mukendi52;Jean52;ordinaire;40507.0;;Non
720;2025-03-25;Mukendi55;Jean55;ordinaire;12362.0;;Non
676;2025-03-25;Mukendi57;Jean57;solidarite;71465.0;;Non
1181;2025-03-25;Mukendi63;Jean63;solidarite;82080.0;;Non
530;2025-03-25;Mukendi73;Jean73;ordinaire;54591.0;;Non
689;2025-03-25;Mukendi13;Jean131;ordinaire;90037.0;;Non
424;2025-03-25;Mukendi14;Jean141;urgence;84859.0;;Non
1185;2025-03-25;Mukendi14;Jean147;solidarite;37009.0;;Non
51;2025-03-24;Mukendi33;Jean33;solidarite;84507.0;;Non
412;2025-03-23;Mukendi34;Jean34;solidarite;10706.0;;Non
769;2025-03-23;Mukendi10;Jean107;ordinaire;65491.0;;Non
5;2025-03-22;Mukendi17;Jean17;ordinaire;70822.0;;Non
1074;2025-03-22;Mukendi64;Jean64;ordinaire;26470.0;;Non
545;2025-03-22;Mukendi82;Jean82;solidarite;32051.0;;Non
1084;2025-03-22;Mukendi11;Jean111;solidarite;37264.0;;Non
1078;2025-03-22;Mukendi12;Jean124;solidarite;44365.0;;Non
286;2025-03-22;Mukendi14;Jean147;ordinaire;67507.0;;Non
152;2025-03-21;Mukendi14;Jean141;urgence;39290.0;;Non
1116;2025-03-21;Mukendi14;Jean146;ordinaire;78640.0;;Non
841;2025-03-20;Mukendi7;Jean7;urgence;57534.0;;Non
928;2025-03-20;Mukendi40;Jean40;ordinaire;65169.0;;Non
78;2025-03-20;Mukendi97;Jean97;urgence;89777.0;;Non
461;2025-03-20;Mukendi12;Jean121;solidarite;69069.0;;Non
1127;2025-03-20;Mukendi12;Jean129;solidarite;90701.0;;Non
971;2025-03-20;Mukendi14;Jean145;solidarite;89918.0;;Non
67;2025-03-19;Mukendi7;Jean7;solidarite;16118.0;;Non
792;2025-03-19;Mukendi10;Jean10;ordinaire;61423.0;;Non
1081;2025-03-19;Mukendi78;Jean78;urgence;91892.0;;Non
811;2025-03-19;Mukendi90;Jean90;urgence;75403.0;;Non
596;2025-03-19;Mukendi10;Jean101;solidarite;11084.0;;Non
927;2025-03-19;Mukendi11;Jean115;ordinaire;36851.0;;Non
260;2025-03-18;Mukendi0;Jean0;ordinaire;37342.0;;Non
163;2025-03-18;Mukendi20;Jean20;ordinaire;21585.0;;Non
395;2025-03-18;Mukendi20;Jean20;urgence;57440.0;;Non
668;2025-03-18;Mukendi13;Jean137;urgence;91889.0;;Non
205;2025-03-17;Mukendi38;Jean38;ordinaire;65923.0;;Non
1039;2025-03-17;Mukendi81;Jean81;ordinaire;69864.0;;Non
406;2025-03-17;Mukendi11;Jean113;urgence;11077.0;;Non
713;2025-03-16;Mukendi30;Jean30;urgence;56353.0;;Non
177;2025-03-16;Mukendi68;Jean68;ordinaire;76529.0;;Non
1176;2025-03-16;Mukendi87;Jean87;urgence;10965.0;;Non
667;2025-03-16;Mukendi14;Jean147;solidarite;51293.0;;Non
324;2025-03-15;Mukendi82;Jean82;solidarite;83210.0;;Non
1189;2025-03-15;Mukendi88;Jean88;urgence;52605.0;;Non
703;2025-03-15;Mukendi11;Jean117;ordinaire;3134.0;;Non
199;2025-03-15;Mukendi14;Jean148;solidarite;87499.0;;Non
24;2025-03-14;Mukendi3;Jean3;ordinaire;13224.0;;Non
492;2025-03-14;Mukendi35;Jean35;urgence;1679.0;;Non
473;2025-03-14;Mukendi11;Jean112;solidarite;42116.0;;Non
833;2025-03-14;Mukendi11;Jean112;solidarite;97021.0;;Non
207;2025-03-14;Mukendi11;Jean116;urgence;3011.0;;Non
617;2025-03-14;Mukendi12;Jean126;ordinaire;20127.0;;Non
729;2025-03-13;Mukendi3;Jean3;solidarite;48329.0;;Non
838;2025-03-13;Mukendi26;Jean26;solidarite;10725.0;;Non
512;2025-03-13;Mukendi30;Jean30;solidarite;62000.0;;Non
553;2025-03-13;Mukendi10;Jean106;urgence;74044.0;;Non
750;2025-03-12;Mukendi14;Jean14;urgence;66484.0;;Non
1111;2025-03-12;Mukendi54;Jean54;ordinaire;20692.0;;Non
794;2025-03-12;Mukendi97;Jean97;solidarite;90550.0;;Non
745;2025-03-12;Mukendi13;Jean132;solidarite;95472.0;;Non
1143;2025-03-12;Mukendi14;Jean141;solidarite;74080.0;;Non
439;2025-03-11;Mukendi52;Jean52;urgence;45589.0;;Non
687;2025-03-11;Mukendi71;Jean71;urgence;79231.0;;Non
815;2025-03-11;Mukendi84;Jean84;ordinaire;81495.0;;Non
914;2025-03-10;Mukendi43;Jean43;urgence;87194.0;;Non
320;2025-03-09;Mukendi37;Jean37;ordinaire;31968.0;;Non
21;2025-03-09;Mukendi11;Jean114;solidarite;19373.0;;Non
1134;2025-03-09;Mukendi14;Jean147;solidarite;13807.0;;Non
216;2025-03-08;Mukendi91;Jean91;solidarite;50131.0;;Non
1073;2025-03-08;Mukendi13;Jean131;ordinaire;19671.0;;Non
787;2025-03-07;Mukendi3;Jean3;ordinaire;9083.0;;Non
235;2025-03-07;Mukendi83;Jean83;solidarite;98973.0;;Non
458;2025-03-07;Mukendi86;Jean86;solidarite;74116.0;;Non
671;2025-03-07;Mukendi91;Jean91;solidarite;2256.0;;Non
885;2025-03-07;Mukendi13;Jean134;ordinaire;75537.0;;Non
862;2025-03-06;Mukendi37;Jean37;solidarite;16765.0;;Non
669;2025-03-06;Mukendi42;Jean42;solidarite;65178.0;;Non
1032;2025-03-06;Mukendi45;Jean45;ordinaire;90477.0;;Non
1034;2025-03-06;Mukendi71;Jean71;solidarite;73954.0;;Non
869;2025-03-05;Mukendi10;Jean107;solidarite;15748.0;;Non
307;2025-03-05;Mukendi12;Jean127;solidarite;98912.0;;Non
1069;2025-03-04;Mukendi2;Jean2;urgence;73551.0;;Non
786;2025-03-04;Mukendi24;Jean24;ordinaire;61560.0;;Non
968;2025-03-04;Mukendi12;Jean122;urgence;56278.0;;Non
488;2025-03-04;Mukendi14;Jean143;solidarite;92248.0;;Non
782;2025-03-03;Mukendi10;Jean10;solidarite;29183.0;;Non
271;2025-03-03;Mukendi20;Jean20;urgence;43219.0;;Non
883;2025-03-03;Mukendi95;Jean95;urgence;8367.0;;Non
957;2025-03-03;Mukendi14;Jean146;solidarite;88690.0;;Non
496;2025-03-02;Mukendi9;Jean9;solidarite;23946.0;;Non
1117;2025-03-02;Mukendi13;Jean131;urgence;6136.0;;Non
1055;2025-03-01;Mukendi18;Jean18;urgence;98896.0;;Non
803;2025-03-01;Mukendi82;Jean82;solidarite;51905.0;;Non
275;2025-02-28;Mukendi11;Jean110;urgence;13999.0;;Non
986;2025-02-28;Mukendi11;Jean113;solidarite;76108.0;;Non
155;2025-02-27;Mukendi13;Jean13;solidarite;34092.0;;Non
251;2025-02-27;Mukendi39;Jean39;urgence;55379.0;;Non
366;2025-02-27;Mukendi57;Jean57;solidarite;4694.0;;Non
960;2025-02-27;Mukendi67;Jean67;ordinaire;61853.0;;Non
836;2025-02-26;Mukendi57;Jean57;solidarite;22319.0;;Non
240;2025-02-26;Mukendi10;Jean101;solidarite;74048.0;;Non
989;2025-02-26;Mukendi14;Jean142;ordinaire;72971.0;;Non
1000;2025-02-25;Mukendi48;Jean48;solidarite;94950.0;;Non
682;2025-02-25;Mukendi89;Jean89;solidarite;12401.0;;Non
982;2025-02-25;Mukendi12;Jean120;ordinaire;65990.0;;Non
361;2025-02-25;Mukendi13;Jean132;solidarite;17341.0;;Non
714;2025-02-24;Mukendi18;Jean18;solidarite;31008.0;;Non
1088;2025-02-24;Mukendi67;Jean67;urgence;97147.0;;Non
576;2025-02-23;Mukendi35;Jean35;ordinaire;83667.0;;Non
709;2025-02-23;Mukendi59;Jean59;urgence;57260.0;;Non
33;2025-02-22;Mukendi47;Jean47;urgence;9981.0;;Non
73;2025-02-22;Mukendi50;Jean50;solidarite;48739.0;;Non
166;2025-02-22;Mukendi72;Jean72;solidarite;93141.0;;Non
663;2025-02-22;Mukendi76;Jean76;urgence;81541.0;;Non
948;2025-02-22;Mukendi77;Jean77;urgence;56164.0;;Non
328;2025-02-21;Mukendi14;Jean14;solidarite;49331.0;;Non
587;2025-02-21;Mukendi57;Jean57;urgence;40318.0;;Non
218;2025-02-20;Mukendi46;Jean46;ordinaire;23280.0;;Non
173;2025-02-20;Mukendi13;Jean138;solidarite;65722.0;;Non
156;2025-02-19;Mukendi16;Jean16;solidarite;53521.0;;Non
122;2025-02-19;Mukendi29;Jean29;solidarite;22465.0;;Non
657;2025-02-19;Mukendi52;Jean52;urgence;37483.0;;Non
124;2025-02-19;Mukendi10;Jean101;ordinaire;94718.0;;Non
674;2025-02-19;Mukendi11;Jean113;ordinaire;65054.0;;Non
555;2025-02-18;Mukendi20;Jean20;solidarite;59954.0;;Non
338;2025-02-18;Mukendi85;Jean85;solidarite;9639.0;;Non
1137;2025-02-17;Mukendi1;Jean1;urgence;76757.0;;Non
13;2025-02-17;Mukendi17;Jean17;solidarite;5117.0;;Non
333;2025-02-17;Mukendi26;Jean26;urgence;46015.0;;Non
206;2025-02-17;Mukendi84;Jean84;solidarite;14154.0;;Non
1106;2025-02-17;Mukendi93;Jean93;urgence;78028.0;;Non
127;2025-02-17;Mukendi10;Jean109;solidarite;87706.0;;Non
728;2025-02-17;Mukendi12;Jean127;urgence;84634.0;;Non
951;2025-02-16;Mukendi30;Jean30;ordinaire;38054.0;;Non
849;2025-02-16;Mukendi43;Jean43;solidarite;84648.0;;Non
903;2025-02-16;Mukendi72;Jean72;urgence;40121.0;;Non
987;2025-02-16;Mukendi12;Jean127;solidarite;59598.0;;Non
265;2025-02-16;Mukendi13;Jean134;urgence;15896.0;;Non
919;2025-02-16;Mukendi14;Jean149;solidarite;39541.0;;Non
422;2025-02-15;Mukendi32;Jean32;urgence;42553.0;;Non
87;2025-02-15;Mukendi62;Jean62;urgence;63277.0;;Non
238;2025-02-15;Mukendi75;Jean75;solidarite;98853.0;;Non
985;2025-02-15;Mukendi96;Jean96;ordinaire;53858.0;;Non
171;2025-02-15;Mukendi14;Jean145;solidarite;38828.0;;Non
973;2025-02-14;Mukendi33;Jean33;solidarite;64318.0;;Non
101;2025-02-14;Mukendi39;Jean39;ordinaire;93591.0;;Non
740;2025-02-14;Mukendi61;Jean61;ordinaire;8589.0;;Non
451;2025-02-14;Mukendi73;Jean73;ordinaire;71345.0;;Non
283;2025-02-14;Mukendi14;Jean143;urgence;44207.0;;Non
506;2025-02-13;Mukendi10;Jean109;solidarite;68538.0;;Non
1094;2025-02-13;Mukendi11;Jean118;urgence;66683.0;;Non
309;2025-02-13;Mukendi14;Jean143;solidarite;88562.0;;Non
301;2025-02-12;Mukendi55;Jean55;urgence;99951.0;;Non
2;2025-02-12;Mukendi82;Jean82;ordinaire;65042.0;;Non
585;2025-02-12;Mukendi90;Jean90;solidarite;36038.0;;Non
365;2025-02-12;Mukendi95;Jean95;solidarite;31903.0;;Non
611;2025-02-12;Mukendi10;Jean104;ordinaire;14538.0;;Non
600;2025-02-11;Mukendi25;Jean25;ordinaire;58290.0;;Non
396;2025-02-11;Mukendi75;Jean75;ordinaire;43101.0;;Non
441;2025-02-11;Mukendi94;Jean94;urgence;68499.0;;Non
842;2025-02-11;Mukendi11;Jean111;ordinaire;21591.0;;Non
183;2025-02-11;Mukendi14;Jean140;solidarite;5809.0;;Non
1063;2025-02-10;Mukendi18;Jean18;urgence;47884.0;;Non
348;2025-02-10;Mukendi57;Jean57;ordinaire;19030.0;;Non
234;2025-02-10;Mukendi93;Jean93;ordinaire;96991.0;;Non
605;2025-02-09;Mukendi63;Jean63;ordinaire;94468.0;;Non
196;2025-02-09;Mukendi13;Jean130;ordinaire;98818.0;;Non
678;2025-02-09;Mukendi13;Jean130;urgence;15838.0;;Non
798;2025-02-09;Mukendi14;Jean140;ordinaire;63787.0;;Non
138;2025-02-08;Mukendi2;Jean2;ordinaire;68715.0;;Non
191;2025-02-08;Mukendi3;Jean3;solidarite;73384.0;;Non
727;2025-02-08;Mukendi61;Jean61;solidarite;65865.0;;Non
248;2025-02-08;Mukendi77;Jean77;ordinaire;65569.0;;Non
314;2025-02-08;Mukendi92;Jean92;solidarite;12551.0;;Non
403;2025-02-08;Mukendi11;Jean112;ordinaire;5561.0;;Non
806;2025-02-08;Mukendi14;Jean149;ordinaire;31508.0;;Non
1053;2025-02-07;Mukendi54;Jean54;solidarite;90837.0;;Non
1147;2025-02-07;Mukendi11;Jean114;ordinaire;92660.0;;Non
609;2025-02-06;Mukendi69;Jean69;ordinaire;14399.0;;Non
1086;2025-02-06;Mukendi78;Jean78;urgence;64828.0;;Non
1139;2025-02-05;Mukendi80;Jean80;solidarite;54588.0;;Non
956;2025-02-04;Mukendi0;Jean0;urgence;2671.0;;Non
45;2025-02-04;Mukendi26;Jean26;solidarite;18601.0;;Non
645;2025-02-04;Mukendi26;Jean26;solidarite;39722.0;;Non
1050;2025-02-04;Mukendi49;Jean49;urgence;42984.0;;Non
962;2025-02-04;Mukendi80;Jean80;urgence;56836.0;;Non
637;2025-02-04;Mukendi13;Jean137;urgence;78833.0;;Non
870;2025-02-04;Mukendi14;Jean145;urgence;78061.0;;Non
1161;2025-02-03;Mukendi3;Jean3;urgence;97590.0;;Non
1129;2025-02-03;Mukendi9;Jean9;urgence;70655.0;;Non
607;2025-02-03;Mukendi99;Jean99;solidarite;42507.0;;Non
40;2025-02-03;Mukendi11;Jean117;urgence;82416.0;;Non
280;2025-02-03;Mukendi12;Jean121;ordinaire;9799.0;;Non
419;2025-02-03;Mukendi14;Jean141;urgence;18009.0;;Non
169;2025-02-02;Mukendi38;Jean38;ordinaire;35816.0;;Non
538;2025-02-02;Mukendi70;Jean70;urgence;25704.0;;Non
297;2025-02-02;Mukendi83;Jean83;urgence;75395.0;;Non
519;2025-02-02;Mukendi92;Jean92;urgence;11237.0;;Non
306;2025-02-01;Mukendi65;Jean65;solidarite;38938.0;;Non
39;2025-02-01;Mukendi76;Jean76;solidarite;60929.0;;Non
1018;2025-02-01;Mukendi10;Jean108;urgence;2673.0;;Non
369;2025-02-01;Mukendi11;Jean114;ordinaire;81654.0;;Non
969;2025-01-28;Mukendi33;Jean33;urgence;92248.0;;Non
390;2025-01-28;Mukendi48;Jean48;solidarite;38501.0;;Non
670;2025-01-28;Mukendi80;Jean80;urgence;60113.0;;Non
972;2025-01-28;Mukendi97;Jean97;urgence;48002.0;;Non
425;2025-01-27;Mukendi33;Jean33;urgence;57704.0;;Non
227;2025-01-27;Mukendi75;Jean75;solidarite;92655.0;;Non
991;2025-01-27;Mukendi11;Jean116;solidarite;45676.0;;Non
649;2025-01-26;Mukendi81;Jean81;solidarite;9804.0;;Non
804;2025-01-26;Mukendi81;Jean81;ordinaire;79265.0;;Non
337;2025-01-26;Mukendi86;Jean86;urgence;89984.0;;Non
726;2025-01-26;Mukendi10;Jean100;urgence;39737.0;;Non
679;2025-01-25;Mukendi13;Jean139;urgence;49085.0;;Non
503;2025-01-24;Mukendi65;Jean65;ordinaire;95188.0;;Non
1027;2025-01-24;Mukendi80;Jean80;ordinaire;73368.0;;Non
1062;2025-01-23;Mukendi16;Jean16;urgence;98773.0;;Non
944;2025-01-23;Mukendi27;Jean27;ordinaire;86664.0;;Non
150;2025-01-23;Mukendi92;Jean92;solidarite;24519.0;;Non
298;2025-01-22;Mukendi39;Jean39;urgence;21632.0;;Non
1100;2025-01-22;Mukendi67;Jean67;ordinaire;49422.0;;Non
511;2025-01-22;Mukendi92;Jean92;ordinaire;91802.0;;Non
1051;2025-01-21;Mukendi42;Jean42;urgence;71513.0;;Non
1;2025-01-20;Mukendi41;Jean41;urgence;71697.0;;Non
233;2025-01-19;Mukendi10;Jean10;solidarite;41492.0;;Non
940;2025-01-19;Mukendi33;Jean33;urgence;28681.0;;Non
731;2025-01-19;Mukendi44;Jean44;ordinaire;62736.0;;Non
29;2025-01-19;Mukendi48;Jean48;ordinaire;39890.0;;Non
930;2025-01-18;Mukendi12;Jean122;ordinaire;51242.0;;Non
860;2025-01-17;Mukendi20;Jean20;urgence;52747.0;;Non
901;2025-01-17;Mukendi10;Jean101;ordinaire;77609.0;;Non
1188;2025-01-17;Mukendi10;Jean108;urgence;63694.0;;Non
1003;2025-01-17;Mukendi12;Jean129;solidarite;18647.0;;Non
753;2025-01-16;Mukendi11;Jean11;ordinaire;2610.0;;Non
644;2025-01-16;Mukendi12;Jean128;solidarite;20758.0;;Non
540;2025-01-15;Mukendi17;Jean17;urgence;14224.0;;Non
886;2025-01-15;Mukendi51;Jean51;ordinaire;8553.0;;Non
332;2025-01-15;Mukendi12;Jean121;ordinaire;66715.0;;Non
575;2025-01-14;Mukendi19;Jean19;ordinaire;88584.0;;Non
352;2025-01-14;Mukendi42;Jean42;solidarite;95526.0;;Non
863;2025-01-14;Mukendi54;Jean54;ordinaire;26260.0;;Non
1033;2025-01-14;Mukendi13;Jean131;solidarite;16643.0;;Non
541;2025-01-13;Mukendi12;Jean12;urgence;33077.0;;Non
621;2025-01-13;Mukendi27;Jean27;solidarite;18758.0;;Non
832;2025-01-13;Mukendi27;Jean27;ordinaire;95426.0;;Non
108;2025-01-13;Mukendi69;Jean69;solidarite;58125.0;;Non
784;2025-01-13;Mukendi76;Jean76;ordinaire;35100.0;;Non
379;2025-01-13;Mukendi12;Jean129;urgence;67535.0;;Non
1022;2025-01-12;Mukendi75;Jean75;urgence;27738.0;;Non
548;2025-01-12;Mukendi10;Jean109;solidarite;73856.0;;Non
846;2025-01-12;Mukendi14;Jean140;ordinaire;65349.0;;Non
931;2025-01-11;Mukendi51;Jean51;solidarite;96768.0;;Non
766;2025-01-11;Mukendi88;Jean88;urgence;84354.0;;Non
215;2025-01-10;Mukendi7;Jean7;solidarite;7028.0;;Non
55;2025-01-10;Mukendi37;Jean37;ordinaire;57333.0;;Non
443;2025-01-10;Mukendi63;Jean63;ordinaire;19465.0;;Non
935;2025-01-10;Mukendi78;Jean78;ordinaire;22891.0;;Non
367;2025-01-10;Mukendi85;Jean85;ordinaire;20142.0;;Non
1049;2025-01-10;Mukendi13;Jean130;solidarite;59400.0;;Non
449;2025-01-10;Mukendi14;Jean149;ordinaire;47254.0;;Non
675;2025-01-09;Mukendi7;Jean7;solidarite;29905.0;;Non
510;2025-01-09;Mukendi14;Jean149;urgence;95749.0;;Non
12;2025-01-08;Mukendi18;Jean18;urgence;93778.0;;Non
813;2025-01-08;Mukendi12;Jean125;ordinaire;5975.0;;Non
848;2025-01-07;Mukendi12;Jean122;ordinaire;27171.0;;Non
187;2025-01-07;Mukendi12;Jean127;solidarite;82973.0;;Non
758;2025-01-06;Mukendi30;Jean30;urgence;66803.0;;Non
263;2025-01-06;Mukendi60;Jean60;solidarite;78182.0;;Non
893;2025-01-06;Mukendi72;Jean72;solidarite;4597.0;;Non
292;2025-01-06;Mukendi79;Jean79;solidarite;45541.0;;Non
1158;2025-01-06;Mukendi92;Jean92;urgence;32359.0;;Non
594;2025-01-06;Mukendi13;Jean139;urgence;74860.0;;Non
825;2025-01-06;Mukendi14;Jean146;urgence;52327.0;;Non
873;2025-01-06;Mukendi14;Jean146;solidarite;80817.0;;Non
816;2025-01-05;Mukendi45;Jean45;ordinaire;43413.0;;Non
1115;2025-01-05;Mukendi10;Jean105;ordinaire;3942.0;;Non
490;2025-01-04;Mukendi57;Jean57;ordinaire;84616.0;;Non
1044;2025-01-04;Mukendi14;Jean143;urgence;99583.0;;Non
294;2025-01-03;Mukendi36;Jean36;urgence;98120.0;;Non
432;2025-01-03;Mukendi86;Jean86;ordinaire;74874.0;;Non
400;2025-01-03;Mukendi11;Jean111;urgence;36986.0;;Non
1056;2025-01-03;Mukendi11;Jean117;solidarite;94961.0;;Non
447;2025-01-03;Mukendi12;Jean127;solidarite;41441.0;;Non
86;2025-01-02;Mukendi57;Jean57;ordinaire;27100.0;;Non
247;2025-01-02;Mukendi10;Jean104;ordinaire;16292.0;;Non
459;2025-01-02;Mukendi13;Jean130;urgence;53610.0;;Non
151;2025-01-02;Mukendi13;Jean136;solidarite;17591.0;;Non
926;2025-01-01;Mukendi45;Jean45;urgence;42079.0;;Non
304;2025-01-01;Mukendi56;Jean56;urgence;52807.0;;Non
579;2025-01-01;Mukendi12;Jean123;solidarite;87413.0;;Non
580;2025-01-01;Mukendi13;Jean136;solidarite;73305.0;;Non
